{"type":"FeatureCollection","features":[{"type":"Feature","geometry":{"type":"Point","coordinates":[76.9029290003413,15.1377060002966]},"properties":{"name":"Cowlbazar PS","code":"PS - 01","dept":"164450334","kgis":"29565055008031140000HMPOLPUOFFPOS0001","id":"1","address":"Cowl Bazar, Ballari, Bellary taluk, Ballari, Karnataka, 583102, India"}},{"type":"Feature","geometry":{"type":"Point","coordinates":[76.926339999684,15.1381910002788]},"properties":{"name":"Bruceept PS","code":"PS - 02","dept":"164450333","kgis":"29565055008031140000HMPOLPUOFFPOS0002","id":"2","address":"Bandimot, Ballari, Bellary taluk, Ballari, Karnataka, 583101, India"}},{"type":"Feature","geometry":{"type":"Point","coordinates":[76.9310599996091,15.1453570003326]},"properties":{"name":"Gandhinagar PS","code":"PS - 03","dept":"164450335","kgis":"29565055008031140000HMPOLPUOFFPOS0003","id":"3","address":"Dr Rajkumar Road, Satyanarayana Pete, Ballari, Bellary taluk, Ballari, Karnataka, 583101, India"}},{"type":"Feature","geometry":{"type":"Point","coordinates":[77.0592210003737,15.2415620004472]},"properties":{"name":"Moka PS","code":"PS - 04","dept":"164450342","kgis":"29565055006048970000HMPOLPUOFFPOS0001","id":"4","address":"Hosa Moka, Bellary taluk, Ballari, Karnataka, 583117, India"}},{"type":"Feature","geometry":{"type":"Point","coordinates":[77.0521400001877,15.1431280002221]},"properties":{"name":"P.D. Halli PS","code":"PS - 05","dept":"164450339","kgis":"29565055006049420000HMPOLPUOFFPOS0001","id":"5","address":"Bellary - Badepally Highway, Paramadevanahalli, Bellary taluk, Ballari, Karnataka, India"}},{"type":"Feature","geometry":{"type":"Point","coordinates":[76.8997300001426,15.6383359999]},"properties":{"name":"Siruguppa PS","code":"PS - 06","dept":"164450347","kgis":"29565054998031120000HMPOLPUOFFPOS0001","id":"6","address":"Siruguppa, Siruguppa taluku, Ballari, Karnataka, 583121, India"}},{"type":"Feature","geometry":{"type":"Point","coordinates":[76.9873140001969,15.7909469995702]},"properties":{"name":"Hatcholli PS","code":"PS - 07","dept":"164450348","kgis":"29565054996048130000HMPOLPUOFFPOS0001","id":"7","address":"MDR, Hachcholli, Siruguppa taluku, Ballari, Karnataka, India"}},{"type":"Feature","geometry":{"type":"Point","coordinates":[76.8809819995407,15.5376800002708]},"properties":{"name":"Tekkalkota PS","code":"PS - 08","dept":"164450344","kgis":"29565054998031130000HMPOLPUOFFPOS0001","id":"8","address":"Nitturu, Siruguppa taluku, Ballari, Karnataka, 583122, India"}},{"type":"Feature","geometry":{"type":"Point","coordinates":[76.8388910003465,15.4412980001563]},"properties":{"name":"Sirigeri PS","code":"PS - 09","dept":"164450346","kgis":"29565054996047870000HMPOLPUOFFPOS0001","id":"9","address":"Sirigeri, Siruguppa taluku, Ballari, Karnataka, 583120, India"}},{"type":"Feature","geometry":{"type":"Point","coordinates":[76.8353150001382,15.3442250003186]},"properties":{"name":"Kurugodu PS","code":"PS - 10","dept":"164450343","kgis":"29565055006048700000HMPOLPUOFFPOS0001","id":"10","address":"Kurugodu, Kurugodu taluk, Ballari, Karnataka, 583116, India"}},{"type":"Feature","geometry":{"type":"Point","coordinates":[76.7624249995869,15.209600000279]},"properties":{"name":"Kuduthini PS","code":"PS - 11","dept":"164451893","kgis":"29565055006048750000HMPOLPUOFFPOS0001","id":"11","address":"Kudatini, Bellary taluk, Ballari, Karnataka, 583115, India"}},{"type":"Feature","geometry":{"type":"Point","coordinates":[76.3884730002556,15.2739760001909]},"properties":{"name":"Hospet Town PS","code":"PS - 12","dept":"169860351","kgis":"29565054988031090000HMPOLPUOFFPOS0001","id":"12","address":"Amaravati, Hosapete, Hosapete taluk, Vijayanagara, Karnataka, 583200, India"}},{"type":"Feature","geometry":{"type":"Point","coordinates":[76.3884730002258,15.1259780002526]},"properties":{"name":"Chittavadagi PS","code":"PS - 13","dept":"169860361","kgis":"29565054986047060000HMPOLPUOFFPOS0001","id":"13","address":"Gunda, Hosapete taluk, Vijayanagara, Karnataka, 583222, India"}},{"type":"Feature","geometry":{"type":"Point","coordinates":[76.3873469999333,15.2748960003868]},"properties":{"name":"Hospet Rural PS","code":"PS - 14","dept":"169860356","kgis":"29565054988031090000HMPOLPUOFFPOS0002","id":"14","address":"College Road, Amaravati, Hosapete, Hosapete taluk, Vijayanagara, Karnataka, 583200, India"}},{"type":"Feature","geometry":{"type":"Point","coordinates":[76.5991309997471,15.4061029998115]},"properties":{"name":"Kampli PS","code":"PS - 15","dept":"164450357","kgis":"29565054988031110000HMPOLPUOFFPOS0001","id":"15","address":"Kampli, Kampli taluk, Ballari, Karnataka, 583132, India"}},{"type":"Feature","geometry":{"type":"Point","coordinates":[76.478884000259,15.3029210002127]},"properties":{"name":"Kamalapur PS","code":"PS - 16","dept":"169860360","kgis":"29565054988031100000HMPOLPUOFFPOS0001","id":"16","address":"Kamalapura, Hosapete taluk, Vijayanagara, Karnataka, 583221, India"}},{"type":"Feature","geometry":{"type":"Point","coordinates":[76.209130999782,15.0535769998729]},"properties":{"name":"Hagaribommanahalli PS","code":"PS - 17","dept":"169861505","kgis":"29565054976046750000HMPOLPUOFFPOS0001","id":"17","address":"SH25, Hagaribommanahalli, Hagari Bommanahalli taluk, Vijayanagara, Karnataka, 583212, India"}},{"type":"Feature","geometry":{"type":"Point","coordinates":[76.1506500003324,15.1647319998623]},"properties":{"name":"TB Halli PS","code":"PS - 18","dept":"169861506","kgis":"29565054976046530000HMPOLPUOFFPOS0001","id":"18","address":"Shigenahalli, Hagari Bommanahalli taluk, Vijayanagara, Karnataka, 583224, India"}},{"type":"Feature","geometry":{"type":"Point","coordinates":[75.9357679997858,15.0184379998042]},"properties":{"name":"Hadagali PS","code":"PS - 19","dept":"169861507\r\n","kgis":"29565054968031080000HMPOLPUOFFPOS0001","id":"19","address":"Huvina Hadagali, Huvina Hadagali taluk, Vijayanagara, Karnataka, 583219, India"}},{"type":"Feature","geometry":{"type":"Point","coordinates":[75.8313969997665,14.9282249999518]},"properties":{"name":"Hirehadagali PS","code":"PS - 20","dept":"169861509","kgis":"29565054966045890000HMPOLPUOFFPOS0001","id":"20","address":"SH40, Hirehadagalli, Huvina Hadagali taluk, Vijayanagara, Karnataka, 583216, India"}},{"type":"Feature","geometry":{"type":"Point","coordinates":[76.0924009996279,14.9527650003999]},"properties":{"name":"Itagi PS","code":"PS - 21","dept":"169861508","kgis":"29565054966046390000HMPOLPUOFFPOS0001","id":"21","address":"Itagi, Huvina Hadagali taluk, Vijayanagara, Karnataka, 583220, India"}},{"type":"Feature","geometry":{"type":"Point","coordinates":[76.5437170004188,15.0834649996859]},"properties":{"name":"Sandur PS","code":"PS - 22","dept":"164450366","kgis":"29565055018031150000HMPOLPUOFFPOS0001","id":"22","address":"Sanduru, Sanduru taluk, Ballari, Karnataka, 583119, India"}},{"type":"Feature","geometry":{"type":"Point","coordinates":[76.6720560505915,15.1927131250549]},"properties":{"name":"Thoranagal PS","code":"PS - 23","dept":"164450364","kgis":"29565055016050160000HMPOLPUOFFPOS0001","id":"23","address":"Kudligi Road, Toranagallu, Sanduru taluk, Ballari, Karnataka, 583123, India"}},{"type":"Feature","geometry":{"type":"Point","coordinates":[76.5887689997062,15.2263190003763]},"properties":{"name":"Gadiganur PS","code":"PS - 24","dept":"164450362","kgis":"29565054986047450000HMPOLPUOFFPOS0001","id":"24","address":"NH67, Kotaginahalu, Gadiganuru, Hosapete taluk, Vijayanagara, Karnataka, 583223, India"}},{"type":"Feature","geometry":{"type":"Point","coordinates":[76.3513530002323,15.1520610002332]},"properties":{"name":"Marriyammanahalli PS","code":"PS - 25","dept":"169860365","kgis":"29565054986047040000HMPOLPUOFFPOS0001","id":"25","address":"Mariyammanahalli Tanda, Hosapete taluk, Vijayanagara, Karnataka, 583222, India"}},{"type":"Feature","geometry":{"type":"Point","coordinates":[76.3896460001752,14.9070309997856]},"properties":{"name":"Kudligi PS","code":"PS - 26","dept":"169861501","kgis":"29565055028031160000HMPOLPUOFFPOS0001","id":"26","address":"SH40, Rajivnagara, Kudligi, Kudligi taluku, Vijayanagara, Karnataka, 583135, India"}},{"type":"Feature","geometry":{"type":"Point","coordinates":[76.62823899992,14.8323320000539]},"properties":{"name":"Gudekota PS","code":"PS - 27","dept":"169861502\r\n","kgis":"29565055026050920000HMPOLPUOFFPOS0001","id":"27","address":"Gudekote, Kudligi taluku, Vijayanagara, Karnataka, 583130, India"}},{"type":"Feature","geometry":{"type":"Point","coordinates":[76.2269109997217,14.8287199999405]},"properties":{"name":"Kottur PS","code":"PS - 28","dept":"169861503","kgis":"29565055028031170000HMPOLPUOFFPOS0001","id":"28","address":"SH45, Kotturu, Kotturu taluku, Vijayanagara, Karnataka, 583134, India"}},{"type":"Feature","geometry":{"type":"Point","coordinates":[76.4664640000314,14.6486680000664]},"properties":{"name":"Hosahalli PS","code":"PS - 29","dept":"169861504","kgis":"29565055026051260000HMPOLPUOFFPOS0001","id":"29","address":"Juttalinganahatti, Hosahalli, Kudligi taluku, Vijayanagara, Karnataka, 583218, India"}},{"type":"Feature","geometry":{"type":"Point","coordinates":[76.9250640002023,15.1444889998702]},"properties":{"name":"Ballari Rural PS","code":"PS - 30","dept":"164450338","kgis":"29565055008031140000HMPOLPUOFFPOS0004","id":"30","address":"NH67, Satyanarayana Pete, Ballari, Bellary taluk, Ballari, Karnataka, 583101, India"}},{"type":"Feature","geometry":{"type":"Point","coordinates":[76.5297200001054,15.4261110001564]},"properties":{"name":"Gangavathi Rural PS","code":"PS - 31","dept":"164681171","kgis":"29560054668030720000HMPOLPUOFFPOS0001","id":"31","address":"Gangavati Bazar, Gangavathi, Gangavati taluku, Koppal, Karnataka, 583227, India"}},{"type":"Feature","geometry":{"type":"Point","coordinates":[76.4237390000924,15.5723569997622]},"properties":{"name":"Kanakagiri PS","code":"PS - 32","dept":"164681173","kgis":"29560054666015800000HMPOLPUOFFPOS0001","id":"32","address":"SH29, Varanakheda, Hulihaidara, Kanakagiri taluku, Koppal, Karnataka, 583283, India"}},{"type":"Feature","geometry":{"type":"Point","coordinates":[76.6579839996317,15.6005919997517]},"properties":{"name":"Karatagi PS","code":"PS - 33","dept":"164681172","kgis":"29560054666016810000HMPOLPUOFFPOS0001","id":"33","address":"SH23, Marlanahalli, Karatagi taluku, Koppal, Karnataka, 583229, India"}},{"type":"Feature","geometry":{"type":"Point","coordinates":[76.5301870003278,15.4258829997704]},"properties":{"name":"Gangavathi Town PS","code":"PS - 34","dept":"164681168","kgis":"29560054668030720000HMPOLPUOFFPOS0002","id":"34","address":"Gangavati Bazar, Gangavathi, Gangavati taluku, Koppal, Karnataka, 583227, India"}},{"type":"Feature","geometry":{"type":"Point","coordinates":[76.0476199999866,15.8727720001468]},"properties":{"name":"Hanumasagar PS","code":"PS - 35","dept":"164681177","kgis":"29560054656014350000HMPOLPUOFFPOS0001","id":"35","address":"SH59, Jagira Gudadura, Kushtagi taluk, Koppal, Karnataka, 583280, India"}},{"type":"Feature","geometry":{"type":"Point","coordinates":[76.1935009996338,15.7548799996807]},"properties":{"name":"Kushtagi PS","code":"PS - 36","dept":"164681176","kgis":"29560054658030710000HMPOLPUOFFPOS0001","id":"36","address":"SH30, Kushtagi, Kushtagi taluk, Koppal, Karnataka, 583277, India"}},{"type":"Feature","geometry":{"type":"Point","coordinates":[76.4043049999318,15.7700490003593]},"properties":{"name":"Tavaregera PS","code":"PS - 37","dept":"164681178","kgis":"29560054656015320000HMPOLPUOFFPOS0001","id":"37","address":"Tavaragera, Kushtagi taluk, Koppal, Karnataka, India"}},{"type":"Feature","geometry":{"type":"Point","coordinates":[75.990564999943,15.2316289997451]},"properties":{"name":"Alwandi PS","code":"PS - 39","dept":"164681160","kgis":"29560054676017400000HMPOLPUOFFPOS0001","id":"38","address":"Moranahalli, Koppala taluku, Koppal, Karnataka, 583226, India"}},{"type":"Feature","geometry":{"type":"Point","coordinates":[76.1504849998026,15.348638999923]},"properties":{"name":"Koppal Rural PS","code":"PS - 40","dept":"164681159","kgis":"29560054678030730000HMPOLPUOFFPOS0002","id":"39","address":"Dr Linganna Road, Bhagyanagara, Koppala, Koppala taluku, Koppal, Karnataka, 583231, India"}},{"type":"Feature","geometry":{"type":"Point","coordinates":[76.3218519999859,15.2795749997392]},"properties":{"name":"Munirabad PS","code":"PS - 41","dept":"164681162","kgis":"29560054676018600000HMPOLPUOFFPOS0001","id":"40","address":"Munirabad, Koppala taluku, Koppal, Karnataka, 583233, India"}},{"type":"Feature","geometry":{"type":"Point","coordinates":[76.1507120001416,15.3488340004166]},"properties":{"name":"Koppal Town PS","code":"PS - 42","dept":"164681158","kgis":"29560054678030730000HMPOLPUOFFPOS0003","id":"41","address":"Bhagyanagara, Koppala, Koppala taluku, Koppal, Karnataka, 583231, India"}},{"type":"Feature","geometry":{"type":"Point","coordinates":[75.9915140000343,15.4926200001522]},"properties":{"name":"Kuknoor PS","code":"PS - 43","dept":"164681164","kgis":"29560054646013480000HMPOLPUOFFPOS0001","id":"42","address":"Kuknoor, Kukunoor taluku, Koppal, Karnataka, 583232, India"}},{"type":"Feature","geometry":{"type":"Point","coordinates":[76.0122100001865,15.613321000093]},"properties":{"name":"Yelburga PS","code":"PS - 44","dept":"164681163","kgis":"29560054648030700000HMPOLPUOFFPOS0001","id":"43","address":"Bahanpur - Gadankeri Highway, Yelburga, Yelaburga taluku, Koppal, Karnataka, 583236, India"}},{"type":"Feature","geometry":{"type":"Point","coordinates":[76.9287049998064,16.4150025003166]},"properties":{"name":"Devadurga PS","code":"PS - 45","dept":"164610992","kgis":"29559054606006100000HMPOLPUOFFPOS0001","id":"44","address":"Devadurga taluk, Raichur, Karnataka, 584111, India"}},{"type":"Feature","geometry":{"type":"Point","coordinates":[77.1609118001156,16.2960855001534]},"properties":{"name":"Gabbur PS","code":"PS - 46","dept":"164610994","kgis":"29559054606006700000HMPOLPUOFFPOS0001","id":"45","address":"SH15, Devadurga taluk, Rayachuru taluku, Raichur, Karnataka, 584113, India"}},{"type":"Feature","geometry":{"type":"Point","coordinates":[76.7834533840468,16.3651088137999]},"properties":{"name":"Jalhalli PS","code":"PS - 47","dept":"164610993","kgis":"29559054606005490000HMPOLPUOFFPOS0001","id":"46","address":"SH61, Yaragudda, Bunkaladoddi, Devadurga taluk, Raichur, Karnataka, India"}},{"type":"Feature","geometry":{"type":"Point","coordinates":[76.6555622002157,16.1945603996517]},"properties":{"name":"Hutti PS","code":"PS - 48","dept":"164610988","kgis":"29559054598030650000HMPOLPUOFFPOS0001","id":"47","address":"Hutti Main Road, Hutti Camp, Hutti, Lingasuguru taluku, Raichur, Karnataka, 584115, India"}},{"type":"Feature","geometry":{"type":"Point","coordinates":[76.5224648999924,16.1583934999438]},"properties":{"name":"Lingasugur PS","code":"PS - 49","dept":"164610985","kgis":"29559054598030640000HMPOLPUOFFPOS0001","id":"48","address":"Lingasugur, Lingasuguru taluku, Raichur, Karnataka, 584122, India"}},{"type":"Feature","geometry":{"type":"Point","coordinates":[76.6540675001917,15.9537920995979]},"properties":{"name":"Maski PS","code":"PS - 50","dept":"164610989","kgis":"29559054596005200000HMPOLPUOFFPOS0001","id":"49","address":"NH150A, Maski, Maski taluku, Raichur, Karnataka, 584124, India"}},{"type":"Feature","geometry":{"type":"Point","coordinates":[76.4419758997177,16.0122467995676]},"properties":{"name":"Mudgal PS","code":"PS - 51","dept":"164610990","kgis":"29559054596003670000HMPOLPUOFFPOS0001","id":"50","address":"SH20, Mudagal, Lingasuguru taluku, Raichur, Karnataka, 584125, India"}},{"type":"Feature","geometry":{"type":"Point","coordinates":[77.3697941996058,16.2005672001816]},"properties":{"name":"Netajinagar PS","code":"PS - 52","dept":"164610962","kgis":"29559054618030670000HMPOLPUOFFPOS0001","id":"51","address":"Jawaharnagar, Raichur, Rayachuru taluku, Raichur, Karnataka, 584100, India"}},{"type":"Feature","geometry":{"type":"Point","coordinates":[77.356027800299,16.2026200999877]},"properties":{"name":"Sadar Bazar PS","code":"PS - 53","dept":"164610961","kgis":"29559054618030670000HMPOLPUOFFPOS0002","id":"52","address":"Jawaharnagar, Raichur, Rayachuru taluku, Raichur, Karnataka, 584100, India"}},{"type":"Feature","geometry":{"type":"Point","coordinates":[77.356027800299,16.2026200999877]},"properties":{"name":"Raichur Women PS","code":"PS - 54","dept":"164612124","kgis":"29559054618030670000HMPOLPUOFFPOS0003","id":"53","address":"Jawaharnagar, Raichur, Rayachuru taluku, Raichur, Karnataka, 584100, India"}},{"type":"Feature","geometry":{"type":"Point","coordinates":[77.3552738002094,16.219874700226]},"properties":{"name":"Raichur Rural PS","code":"PS - 55","dept":"164610963","kgis":"29559054618030670000HMPOLPUOFFPOS0004","id":"54","address":"Raichur, Rayachuru taluku, Raichur, Karnataka, 584100, India"}},{"type":"Feature","geometry":{"type":"Point","coordinates":[77.3533134002243,16.370844899622]},"properties":{"name":"Shakti Nagar PS","code":"PS - 56","dept":"164610965","kgis":"29559054616008840000HMPOLPUOFFPOS0001","id":"55","address":"Shaktinagara, Yadlapuru, Rayachuru taluku, Raichur, Karnataka, 584201, India"}},{"type":"Feature","geometry":{"type":"Point","coordinates":[77.5251081003069,16.2962598997579]},"properties":{"name":"Yapaladinni PS","code":"PS - 57","dept":"164610966","kgis":"29559054616007630000HMPOLPUOFFPOS0001","id":"56","address":"Yapaladinni, Rayachuru taluku, Raichur, Karnataka, India"}},{"type":"Feature","geometry":{"type":"Point","coordinates":[77.3606764001082,16.2161506997865]},"properties":{"name":"Market Yard PS","code":"PS - 58","dept":"164610972","kgis":"29559054618030670000HMPOLPUOFFPOS0005","id":"57","address":"Jawaharnagar, Raichur, Rayachuru taluku, Raichur, Karnataka, 584100, India"}},{"type":"Feature","geometry":{"type":"Point","coordinates":[77.3428321998381,16.1951229000377]},"properties":{"name":"Raichur West PS","code":"PS - 59","dept":"164610971","kgis":"29559054618030670000HMPOLPUOFFPOS0006","id":"58","address":"Station Road, Raichur, Rayachuru taluku, Raichur, Karnataka, 584100, India"}},{"type":"Feature","geometry":{"type":"Point","coordinates":[77.4621637999182,16.0042257997102]},"properties":{"name":"Idapanur PS","code":"PS - 60","dept":"164610970","kgis":"29559054616008800000HMPOLPUOFFPOS0001","id":"59","address":"Idapanuru, Rayachuru taluku, Raichur, Karnataka, India"}},{"type":"Feature","geometry":{"type":"Point","coordinates":[77.4142756004306,16.073025500058]},"properties":{"name":"Yeregera PS","code":"PS - 61","dept":"164610967","kgis":"29559054616008430000HMPOLPUOFFPOS0001","id":"60","address":"Mantralaya Road, Yeregara, Rayachuru taluku, Raichur, Karnataka, India"}},{"type":"Feature","geometry":{"type":"Point","coordinates":[76.8144297999196,16.0872856002399]},"properties":{"name":"Kowthal PS","code":"PS - 62","dept":"164610984","kgis":"29559054626009410000HMPOLPUOFFPOS0001","id":"61","address":"Kavitala, Siravara taluku, Raichur, Karnataka, 584120, India"}},{"type":"Feature","geometry":{"type":"Point","coordinates":[77.0479908002105,15.9938995995581]},"properties":{"name":"Manvi PS","code":"PS - 63","dept":"164610981","kgis":"29559054626010180000HMPOLPUOFFPOS0001","id":"62","address":"Bus Stand Road, Manvi, Manvi taluku, Raichur, Karnataka, 584123, India"}},{"type":"Feature","geometry":{"type":"Point","coordinates":[77.0159706997364,16.175903599613]},"properties":{"name":"Sirwar PS","code":"PS - 64","dept":"164610983","kgis":"29559054626009670000HMPOLPUOFFPOS0001","id":"63","address":"Siravara, Siravara taluku, Raichur, Karnataka, 584129, India"}},{"type":"Feature","geometry":{"type":"Point","coordinates":[76.749950399616,15.9553054000286]},"properties":{"name":"Balagaor PS","code":"PS - 65","dept":"164610980","kgis":"29559054636011350000HMPOLPUOFFPOS0001","id":"64","address":"Balaganuru, Maski taluku, Raichur, Karnataka, India"}},{"type":"Feature","geometry":{"type":"Point","coordinates":[76.7695212001342,15.7866682997685]},"properties":{"name":"Sindanur Rural PS","code":"PS - 66","dept":"164610976","kgis":"29559054636011970000HMPOLPUOFFPOS0001","id":"65","address":"SH23, Konganahatti, Sindhanuru taluku, Raichur, Karnataka, 584128, India"}},{"type":"Feature","geometry":{"type":"Point","coordinates":[76.7561612004575,15.7681762000945]},"properties":{"name":"Sindhanur Town PS","code":"PS - 67","dept":"164610975","kgis":"29559054636011970000HMPOLPUOFFPOS0002","id":"66","address":"Sindhanur, Sindhanuru taluku, Raichur, Karnataka, 584128, India"}},{"type":"Feature","geometry":{"type":"Point","coordinates":[76.5965000004169,15.7587392999127]},"properties":{"name":"Turvihal PS","code":"PS - 68","dept":"164610979","kgis":"29559054636010740000HMPOLPUOFFPOS0001","id":"67","address":"SH30, Gunjalli Camp, Sindhanuru taluku, Raichur, Karnataka, 584132, India"}},{"type":"Feature","geometry":{"type":"Point","coordinates":[74.6373274007038,15.7761522323095]},"properties":{"name":"Bagewadi PS","code":"PS - 69","dept":"169821456","kgis":"29555054385977810000HMPOLPUOFFPOS0001","id":"68","address":"Sutagatti, Belagavi taluku, Belagavi, Karnataka, 591109, India"}},{"type":"Feature","geometry":{"type":"Point","coordinates":[74.5145610002729,15.8331710002305]},"properties":{"name":"Belagavi Rural PS","code":"PS - 70","dept":"169820310","kgis":"29555054388030330000HMPOLPUOFFPOS0001","id":"69","address":"Adarsh Nagar, Belagavi, Belagavi taluku, Belagavi, Karnataka, 590001, India"}},{"type":"Feature","geometry":{"type":"Point","coordinates":[74.5275059997213,15.9298600000182]},"properties":{"name":"Kakati PS","code":"PS - 71","dept":"169820311","kgis":"29555054385977920000HMPOLPUOFFPOS0001","id":"70","address":"Kakati, Belagavi taluku, Belagavi, Karnataka, India"}},{"type":"Feature","geometry":{"type":"Point","coordinates":[74.6641959999116,15.881446000451]},"properties":{"name":"Marihal PS","code":"PS - 72","dept":"169821457","kgis":"29555054385977590000HMPOLPUOFFPOS0001","id":"71","address":"SH20, Hanabaratti, Belagavi taluku, Belagavi, Karnataka, 591103, India"}},{"type":"Feature","geometry":{"type":"Point","coordinates":[74.5045500000356,15.8547100001631]},"properties":{"name":"Belagavi Camp PS","code":"PS - 73","dept":"169820303","kgis":"29555054388030340000HMPOLPUOFFPOS0001","id":"72","address":"Camp Gavali Street, Camp, Belagavi, Belagavi taluku, Belagavi, Karnataka, 590001, India"}},{"type":"Feature","geometry":{"type":"Point","coordinates":[74.5107350003864,15.8623789997161]},"properties":{"name":"Khadebazar PS","code":"PS - 74","dept":"169820301","kgis":"29555054388030340000HMPOLPUOFFPOS0002","id":"73","address":"Swami Vivekananda Marg, Khade Bazar, Belagavi, Belagavi taluku, Belagavi, Karnataka, 590001, India"}},{"type":"Feature","geometry":{"type":"Point","coordinates":[74.5015349995826,15.8359440002916]},"properties":{"name":"Thilakwadi PS","code":"PS - 75","dept":"169820302","kgis":"29555054388030340000HMPOLPUOFFPOS0003","id":"74","address":"Guruwar Peth, Tilakwadi, Belagavi, Belagavi taluku, Belagavi, Karnataka, 590001, India"}},{"type":"Feature","geometry":{"type":"Point","coordinates":[74.4914090001479,15.8206879996397]},"properties":{"name":"Udyambag PS","code":"PS - 76","dept":"169821455","kgis":"29555054388030330000HMPOLPUOFFPOS0002","id":"75","address":"Angol Industrial Estate, Udyambag, Belagavi, Belagavi taluku, Belagavi, Karnataka, 590001, India"}},{"type":"Feature","geometry":{"type":"Point","coordinates":[74.5058495227933,15.8577009658827]},"properties":{"name":"Belagavi City Women PS","code":"PS - 77","dept":"169821453","kgis":"29555054388030340000HMPOLPUOFFPOS0004","id":"76","address":"Khade Bazar, Belagavi, Belagavi taluku, Belagavi, Karnataka, 590001, India"}},{"type":"Feature","geometry":{"type":"Point","coordinates":[74.5085170002766,15.8839949997159]},"properties":{"name":"APMC Yard PS","code":"PS - 78","dept":"169820298","kgis":"29555054385977940000HMPOLPUOFFPOS0001","id":"77","address":"Sadashiv Nagar, Belagavi, Belagavi taluku, Belagavi, Karnataka, 590001, India"}},{"type":"Feature","geometry":{"type":"Point","coordinates":[74.5288709365525,15.8818603611202]},"properties":{"name":"Malamaruthi PS","code":"PS - 79","dept":"169820297","kgis":"29555054388030340000HMPOLPUOFFPOS0005","id":"78","address":"Mahantesh Nagar, Belagavi, Belagavi taluku, Belagavi, Karnataka, 590001, India"}},{"type":"Feature","geometry":{"type":"Point","coordinates":[74.5196670000549,15.8624710003501]},"properties":{"name":"Belagavi Market PS","code":"PS - 80","dept":"169820292","kgis":"29555054388030340000HMPOLPUOFFPOS0006","id":"79","address":"Belgaum Fort, Belagavi, Belagavi taluku, Belagavi, Karnataka, 590001, India"}},{"type":"Feature","geometry":{"type":"Point","coordinates":[74.5180130001751,15.8380890003073]},"properties":{"name":"Shahapura PS","code":"PS - 81","dept":"169820296","kgis":"29555054388030330000HMPOLPUOFFPOS0003","id":"80","address":"Vadgaon Main Road, Shahapur, Belagavi, Belagavi taluku, Belagavi, Karnataka, 590001, India"}},{"type":"Feature","geometry":{"type":"Point","coordinates":[77.5979641429556,12.9800298427157]},"properties":{"name":"Cubbon Park PS","code":"PS - 84","dept":"164431398","kgis":"29572055428031620000HMPOLPUOFFPOS0003","id":"81","address":"Queen's Road, Shanthala Nagar, Ashokanagar, Bengaluru Central City Corporation, Bengaluru, Bangalore North, Bengaluru Urban, Karnataka, 560001, India"}},{"type":"Feature","geometry":{"type":"Point","coordinates":[77.5886142885905,12.9773209692159]},"properties":{"name":"Vidhana Soudha PS","code":"PS - 85","dept":"164431397","kgis":"29572055428031620000HMPOLPUOFFPOS0004","id":"82","address":"Devaraj Urs Road, Sampangirama Nagar, Bengaluru Central City Corporation, Bengaluru, Bangalore North, Bengaluru Urban, Karnataka, 560001, India"}},{"type":"Feature","geometry":{"type":"Point","coordinates":[77.6222989999259,12.951547000394]},"properties":{"name":"Viveknagar PS","code":"PS - 86","dept":"164431390","kgis":"29572055428031620000HMPOLPUOFFPOS0005","id":"83","address":"4th Cross Road, Ambedkar Nagar, Ambedkarnagar, Bengaluru Central City Corporation, Bengaluru, Bangalore North, Bengaluru Urban, Karnataka, 560047, India"}},{"type":"Feature","geometry":{"type":"Point","coordinates":[77.5867767998637,12.9679059997634]},"properties":{"name":"Halasurgate PS","code":"PS - 87","dept":"164431386","kgis":"29572055428031620000HMPOLPUOFFPOS0006","id":"84","address":"Cubbonpet, Sampangirama Nagar, Bengaluru Central City Corporation, Bengaluru, Bangalore North, Bengaluru Urban, Karnataka, 560002, India"}},{"type":"Feature","geometry":{"type":"Point","coordinates":[77.5921599999535,12.9630649998591]},"properties":{"name":"Sampangiramanagar PS","code":"PS - 88","dept":"164431391","kgis":"29572055428031620000HMPOLPUOFFPOS0007","id":"85","address":"Chidananda Maharashi Ashram Road, Sampangi Rama Nagara, Sampangirama Nagar, Bengaluru Central City Corporation, Bengaluru, Bangalore North, Bengaluru Urban, Karnataka, 560027, India"}},{"type":"Feature","geometry":{"type":"Point","coordinates":[77.5961980000424,12.9500430001231]},"properties":{"name":"Wilsongarden PS","code":"PS - 89","dept":"164431388","kgis":"29572055428031620000HMPOLPUOFFPOS0008","id":"86","address":"7th Cross Road, Vinayaka Nagara, Wilson Garden, Hombegowda Nagara, Bengaluru Central City Corporation, Bengaluru, Bangalore North, Bengaluru Urban, Karnataka, 560027, India"}},{"type":"Feature","geometry":{"type":"Point","coordinates":[77.5927664453475,12.9899573531302]},"properties":{"name":"High Grounds PS","code":"PS - 90","dept":"164431394","kgis":"29572055428031620000HMPOLPUOFFPOS0009","id":"87","address":"Millers Road, Kaverappa Layout, Vasanth Nagar, Bengaluru Central City Corporation, Bengaluru, Bangalore North, Bengaluru Urban, Karnataka, 560052, India"}},{"type":"Feature","geometry":{"type":"Point","coordinates":[77.5725447841245,13.0149094111584]},"properties":{"name":"Sadashivanagar PS","code":"PS - 91","dept":"164431396","kgis":"29572055428031620000HMPOLPUOFFPOS0010","id":"88","address":"New BEL Road, Sadashivanagar, Sadashiva Nagara, Bengaluru West City Corporation, Bengaluru, Bangalore North, Bengaluru Urban, Karnataka, 560012, India"}},{"type":"Feature","geometry":{"type":"Point","coordinates":[77.5735902002227,12.9879292996002]},"properties":{"name":"Seshadripuram PS","code":"PS - 92","dept":"164431393","kgis":"29572055428031620000HMPOLPUOFFPOS0011","id":"89","address":"Nehru Nagar, Gandhinagar, Nehru Nagar, Bengaluru Central City Corporation, Bengaluru, Bangalore North, Bengaluru Urban, Karnataka, 560020, India"}},{"type":"Feature","geometry":{"type":"Point","coordinates":[77.5786416004447,13.0014925000938]},"properties":{"name":"Vyalikaval PS","code":"PS - 93","dept":"164431395","kgis":"29572055428031620000HMPOLPUOFFPOS0012","id":"90","address":"1st Cross Road, Lower Palace Orchard, Guttahalli, Rajamahal, Bengaluru West City Corporation, Bengaluru, Bangalore North, Bengaluru Urban, Karnataka, 560003, India"}},{"type":"Feature","geometry":{"type":"Point","coordinates":[77.6403087004,13.0196345004026]},"properties":{"name":"Banaswadi PS","code":"PS - 94","dept":"164431406","kgis":"29572055428031620000HMPOLPUOFFPOS0013","id":"91","address":"5th B Main Road, Kalyan Nagar, Kalyanagar, Bengaluru North City Corporation, Bengaluru, Bangalore North, Bengaluru Urban, Karnataka, 560043, India"}},{"type":"Feature","geometry":{"type":"Point","coordinates":[77.6103367001824,13.0093318996255]},"properties":{"name":"Devarajeevanahalli PS","code":"PS - 95","dept":"164431402","kgis":"29572055428031620000HMPOLPUOFFPOS0014","id":"92","address":"Deverajivanahalli, Doddanna Nagar, Bengaluru North City Corporation, Bengaluru, Bangalore North, Bengaluru Urban, Karnataka, 560045, India"}},{"type":"Feature","geometry":{"type":"Point","coordinates":[77.6457466922352,13.024142138905]},"properties":{"name":"Hennur PS","code":"PS - 96","dept":"164431408","kgis":"29572055428031620000HMPOLPUOFFPOS0015","id":"93","address":"Chelekere, Chellakere, Bengaluru East City Corporation, Bengaluru, Bangalore East, Bengaluru Urban, Karnataka, 560043, India"}},{"type":"Feature","geometry":{"type":"Point","coordinates":[77.6274595998832,13.0250519004078]},"properties":{"name":"Kadugondana Halli PS","code":"PS - 97","dept":"164431407","kgis":"29572055428031620000HMPOLPUOFFPOS0016","id":"94","address":"Sri Ganapathi Temple Road, Grace Town, HBR Layout 3rd Block, Kacharakanahalli, Bengaluru North City Corporation, Bengaluru, Bangalore North, Bengaluru Urban, Karnataka, 560043, India"}},{"type":"Feature","geometry":{"type":"Point","coordinates":[77.6676147006279,13.0121958894059]},"properties":{"name":"Ramamurthy Nagar PS","code":"PS - 98","dept":"164431409","kgis":"29572055428031620000HMPOLPUOFFPOS0017","id":"95","address":"Ramamurthinagar Main Road, Dooravaninagar, Bengaluru East City Corporation, Bengaluru, Bangalore East, Bengaluru Urban, Karnataka, 560016, India"}},{"type":"Feature","geometry":{"type":"Point","coordinates":[77.6568733672614,12.99146656405]},"properties":{"name":"Byappanahalli PS","code":"PS - 99","dept":"164431411","kgis":"29572055428031620000HMPOLPUOFFPOS0018","id":"96","address":"Swamy Vivekananda Road, Benniganahalli, Baiyyappanahalli, Krishnaiahnapalya, Bengaluru Central City Corporation, Bengaluru, Bangalore East, Bengaluru Urban, Karnataka, 560033, India"}},{"type":"Feature","geometry":{"type":"Point","coordinates":[77.6253330610102,12.9748128797954]},"properties":{"name":"Halasur PS","code":"PS - 100","dept":"164431410","kgis":"29572055428031620000HMPOLPUOFFPOS0019","id":"97","address":"Cambridge Road, Gowthamapura, Agaram, Bengaluru Central City Corporation, Bengaluru, Bangalore North, Bengaluru Urban, Karnataka, 560007, India"}},{"type":"Feature","geometry":{"type":"Point","coordinates":[77.638280000055,12.9829857001463]},"properties":{"name":"Indiranagar PS","code":"PS - 101","dept":"164431412","kgis":"29572055428031620000HMPOLPUOFFPOS0020","id":"98","address":"11th Cross Road, Binnamangala, Indiranagar, Bengaluru Central City Corporation, Bengaluru, Bangalore North, Bengaluru Urban, Karnataka, 560038, India"}},{"type":"Feature","geometry":{"type":"Point","coordinates":[77.6553852996563,12.9676990004541]},"properties":{"name":"Jeevan Bheemanagar PS","code":"PS - 102","dept":"164431413","kgis":"29572055428031620000HMPOLPUOFFPOS0021","id":"99","address":"Jeevan Bhima Nagar Main Road, LIC Colony, Jeevan Bhima Nagar, Jeevan Bhimanagar, Bengaluru Central City Corporation, Bengaluru, Bangalore East, Bengaluru Urban, Karnataka, 560075, India"}},{"type":"Feature","geometry":{"type":"Point","coordinates":[77.6120856003067,12.9912025002823]},"properties":{"name":"Bharathi Nagar PS","code":"PS - 103","dept":"164431401","kgis":"29572055428031620000HMPOLPUOFFPOS0022","id":"100","address":"Memorial Street, Bharathi Nagar, Bengaluru Central City Corporation, Bengaluru, Bangalore North, Bengaluru Urban, Karnataka, 560001, India"}},{"type":"Feature","geometry":{"type":"Point","coordinates":[77.6064306996423,12.9820757996245]},"properties":{"name":"Commercial Street PS","code":"PS - 104","dept":"164431400","kgis":"29572055428031620000HMPOLPUOFFPOS0023","id":"101","address":"Hospital Cross Road, Tasker Town, Shivajinagar, Bengaluru Central City Corporation, Bengaluru, Bangalore North, Bengaluru Urban, Karnataka, 560001, India"}},{"type":"Feature","geometry":{"type":"Point","coordinates":[77.6196531704426,12.9992725573424]},"properties":{"name":"Pulakeshinagar PS","code":"PS - 105","dept":"164431399","kgis":"29572055428031620000HMPOLPUOFFPOS0024","id":"102","address":"Buddha Vihar Road, Lazar Layout, Frazer Town, Pulakeshi Nagar, Bengaluru North City Corporation, Bengaluru, Bangalore North, Bengaluru Urban, Karnataka, 560005, India"}},{"type":"Feature","geometry":{"type":"Point","coordinates":[77.6052475001124,12.9855097999292]},"properties":{"name":"Shivajinagar PS","code":"PS - 106","dept":"164431403","kgis":"29572055428031620000HMPOLPUOFFPOS0025","id":"103","address":"Chandni Chowk Road, Shivajinagar, Bengaluru Central City Corporation, Bengaluru, Bangalore North, Bengaluru Urban, Karnataka, 560051, India"}},{"type":"Feature","geometry":{"type":"Point","coordinates":[75.9456940002023,16.0566130004213]},"properties":{"name":"Amengad PS","code":"PS - 461","dept":"164701245","kgis":"29556054485990270000HMPOLPUOFFPOS0001","id":"104","address":"Aminagada, Hunagunda taluku, Bagalkote, Karnataka, 587112, India"}},{"type":"Feature","geometry":{"type":"Point","coordinates":[76.0603622998149,16.0666995998932]},"properties":{"name":"Hungunda PS","code":"PS - 462","dept":"164701241","kgis":"29556054485989420000HMPOLPUOFFPOS0001","id":"105","address":"SH60, Hunagund, Hunagunda taluku, Bagalkote, Karnataka, 587118, India"}},{"type":"Feature","geometry":{"type":"Point","coordinates":[76.1116999999779,15.9656960002354]},"properties":{"name":"Ilakal PS","code":"PS - 463","dept":"164701242","kgis":"29556054488030500000HMPOLPUOFFPOS0001","id":"106","address":"Ilakal, Ilkal taluka, Bagalkote, Karnataka, 587125, India"}},{"type":"Feature","geometry":{"type":"Point","coordinates":[75.0563049998242,16.4954680004363]},"properties":{"name":"Teradal PS","code":"PS - 465","dept":"164701260","kgis":"29556054435984030000HMPOLPUOFFPOS0001","id":"107","address":"Teradala, Rabakavi Banahatti taluku, Bagalkote, Karnataka, 587315, India"}},{"type":"Feature","geometry":{"type":"Point","coordinates":[75.6122530000353,16.3493239999889]},"properties":{"name":"Bilagi PS","code":"PS - 466","dept":"164701263","kgis":"29556054445984990000HMPOLPUOFFPOS0001","id":"108","address":"Bilagi, Bagalkote, Karnataka, 587116, India"}},{"type":"Feature","geometry":{"type":"Point","coordinates":[75.2804450001517,16.5094629996778]},"properties":{"name":"Jamakhandi Rural PS","code":"PS - 467","dept":"164701251","kgis":"29556054435984360000HMPOLPUOFFPOS0001","id":"109","address":"Madarakhandi, Jamakhandi taluku, Bagalkote, Karnataka, 587300, India"}},{"type":"Feature","geometry":{"type":"Point","coordinates":[75.2806300003701,16.5105400002348]},"properties":{"name":"Jamakhandi Town PS","code":"PS - 468","dept":"164701250","kgis":"29556054435984360000HMPOLPUOFFPOS0002","id":"110","address":"SH53, Rabakavi, Yallati, Jamakhandi taluku, Bagalkote, Karnataka, India"}},{"type":"Feature","geometry":{"type":"Point","coordinates":[75.3465899995999,16.6725900002822]},"properties":{"name":"Savalgi PS","code":"PS - 469","dept":"164701254","kgis":"29556054435984570000HMPOLPUOFFPOS0001","id":"111","address":"Halalli, Jamakhandi taluku, Bagalkote, Karnataka, 591265, India"}},{"type":"Feature","geometry":{"type":"Point","coordinates":[75.3671666668059,16.1628055563863]},"properties":{"name":"Lokapur PS","code":"PS - 470","dept":"164701256","kgis":"29556054455986150000HMPOLPUOFFPOS0001","id":"112","address":"SH34, Lokapura, Mudhola taluku, Bagalkote, Karnataka, 587122, India"}},{"type":"Feature","geometry":{"type":"Point","coordinates":[77.5905730004444,12.9283629998263]},"properties":{"name":"Tilak Nagar PS","code":"PS - 158","dept":"164431384","kgis":"29572055428031620000HMPOLPUOFFPOS0072","id":"113","address":"A Main Road, Canara Bank Colony, Jayanagar East, Tilak Nagara, Bengaluru South City Corporation, Bengaluru, Bangalore South, Bengaluru Urban, Karnataka, 560041, India"}},{"type":"Feature","geometry":{"type":"Point","coordinates":[77.5670263999736,12.9605426996297]},"properties":{"name":"Chamarajpet PS","code":"PS - 159","dept":"164431364","kgis":"29572055428031620000HMPOLPUOFFPOS0073","id":"114","address":"Aluri Venkata Rao Road, K.R Market, Bengaluru Central City Corporation, Bengaluru, Bangalore North, Bengaluru Urban, Karnataka, 560018, India"}},{"type":"Feature","geometry":{"type":"Point","coordinates":[77.5761266577661,12.964957672278]},"properties":{"name":"City Market PS","code":"PS - 160","dept":"164431432","kgis":"29572055428031620000HMPOLPUOFFPOS0074","id":"115","address":"Krishna Rajendra City Market, K.R Market, Bengaluru Central City Corporation, Bengaluru, Bangalore North, Bengaluru Urban, Karnataka, 560002, India"}},{"type":"Feature","geometry":{"type":"Point","coordinates":[77.5700979326779,12.9680170243514]},"properties":{"name":"Cottonpet PS","code":"PS - 161","dept":"164431417","kgis":"29572055428031620000HMPOLPUOFFPOS0075","id":"116","address":"Belli Mutt Road, Ranasingpete, Cottonpete, Bengaluru Central City Corporation, Bengaluru, Bangalore North, Bengaluru Urban, Karnataka, 560053, India"}},{"type":"Feature","geometry":{"type":"Point","coordinates":[77.5773576933696,12.9573704167974]},"properties":{"name":"Kalasipalya PS","code":"PS - 162","dept":"164431431","kgis":"29572055428031620000HMPOLPUOFFPOS0076","id":"117","address":"Nawab Hyder Ali Khan Road, Kalasipalyam, D.V Gundappa Ward, Bengaluru Central City Corporation, Bengaluru, Bangalore North, Bengaluru Urban, Karnataka, 560002, India"}},{"type":"Feature","geometry":{"type":"Point","coordinates":[77.5748211347527,12.9744759561439]},"properties":{"name":"Upparpet PS","code":"PS - 163","dept":"164431430","kgis":"29572055428031620000HMPOLPUOFFPOS0077","id":"118","address":"Dhanvanthari Road, Gandhinagar, Nehru Nagar, Bengaluru Central City Corporation, Bengaluru, Bangalore North, Bengaluru Urban, Karnataka, 560009, India"}},{"type":"Feature","geometry":{"type":"Point","coordinates":[77.4244669999111,12.5543489999296]},"properties":{"name":"Kanakapura Rural PS","code":"PS - 235","dept":"169771338","kgis":"29584056088032400000HMPOLPUOFFPOS0001","id":"119","address":"Kanakapura Road, Kanakapura, Kanakapura taluk, Bengaluru South, Karnataka, 562117, India"}},{"type":"Feature","geometry":{"type":"Point","coordinates":[77.4226379999284,12.5466869996491]},"properties":{"name":"Kanakapura Town PS","code":"PS - 236","dept":"169771337","kgis":"29584056088032400000HMPOLPUOFFPOS0002","id":"120","address":"Kanakapura, Kanakapura taluk, Bengaluru South, Karnataka, 562117, India"}},{"type":"Feature","geometry":{"type":"Point","coordinates":[77.494987999852,12.4356590001252]},"properties":{"name":"Kodihalli PS","code":"PS - 237","dept":"169771339","kgis":"29584056086266090000HMPOLPUOFFPOS0001","id":"121","address":"SH3, Bekuppe, Kanakapura taluk, Bengaluru South, Karnataka, 562117, India"}},{"type":"Feature","geometry":{"type":"Point","coordinates":[77.1652650001427,13.1070760002698]},"properties":{"name":"Kudur PS","code":"PS - 238","dept":"169770276","kgis":"29584056056260460000HMPOLPUOFFPOS0001","id":"122","address":"Kuduru, Magadi taluku, Bengaluru South, Karnataka, 561101, India"}},{"type":"Feature","geometry":{"type":"Point","coordinates":[77.4441459996032,12.8751639997321]},"properties":{"name":"Kumbalagudu PS","code":"PS - 239","dept":"169772003","kgis":"29572055436130620000HMPOLPUOFFPOS0001","id":"123","address":"Bengaluru-Mysuru Service lane, Tagachaguppe, Kumbalagodu, Bangalore South, Bengaluru Urban, Karnataka, 560074, India"}},{"type":"Feature","geometry":{"type":"Point","coordinates":[77.1183139998371,12.5960290001818]},"properties":{"name":"M.K. Doddi PS","code":"PS - 240","dept":"169770285","kgis":"29584056076262280000HMPOLPUOFFPOS0001","id":"124","address":"Tippuru, Channapattana taluk, Bengaluru South, Karnataka, 571433, India"}},{"type":"Feature","geometry":{"type":"Point","coordinates":[77.226469000388,12.955223999849]},"properties":{"name":"Magadi PS","code":"PS - 241","dept":"169770275","kgis":"29584056058032370000HMPOLPUOFFPOS0001","id":"125","address":"Magadi, Magadi taluku, Bengaluru South, Karnataka, 562120, India"}},{"type":"Feature","geometry":{"type":"Point","coordinates":[77.2854290001578,12.7297119995962]},"properties":{"name":"Ramanagara Rural PS","code":"PS - 243","dept":"169771344","kgis":"29584056068032380000HMPOLPUOFFPOS0003","id":"126","address":"Ramanagara, Ramanagara taluk, Bengaluru South, Karnataka, 571511, India"}},{"type":"Feature","geometry":{"type":"Point","coordinates":[77.2802889998055,12.718978000031]},"properties":{"name":"Ramanagara Town PS","code":"PS - 244","dept":"169771341","kgis":"29584056068032380000HMPOLPUOFFPOS0004","id":"127","address":"Ramanagara, Ramanagara taluk, Bengaluru South, Karnataka, 571511, India"}},{"type":"Feature","geometry":{"type":"Point","coordinates":[77.2851269495464,12.7297692562778]},"properties":{"name":"Ramanagara Women PS","code":"PS - 245","dept":"169772208","kgis":"29584056068032380000HMPOLPUOFFPOS0005","id":"128","address":"Ramanagara, Ramanagara taluk, Bengaluru South, Karnataka, 571511, India"}},{"type":"Feature","geometry":{"type":"Point","coordinates":[77.3207669998468,12.4524269996001]},"properties":{"name":"Sathanuru PS","code":"PS - 246","dept":"169771340","kgis":"29584056086265260000HMPOLPUOFFPOS0001","id":"129","address":"Kalegowdanadoddi, Satanuru, Kanakapura taluk, Bengaluru South, Karnataka, 562126, India"}},{"type":"Feature","geometry":{"type":"Point","coordinates":[77.4007709999584,12.9662440004315]},"properties":{"name":"Tavarekere PS","code":"PS - 247","dept":"169770277","kgis":"29572055436129790000HMPOLPUOFFPOS0001","id":"130","address":"Magadi Road, Tavarekere, Bangalore South, Bengaluru Urban, Karnataka, 562130, India"}},{"type":"Feature","geometry":{"type":"Point","coordinates":[76.6191166667985,13.4095833334318]},"properties":{"name":"Chikkanayakanahalli PS","code":"PS - 248","dept":"164641652","kgis":"29571055326102140000HMPOLPUOFFPOS0001","id":"131","address":"Chikkanayakanahalli, Chikkanayakanahalli taluk, Tumakuru, Karnataka, 572214, India"}},{"type":"Feature","geometry":{"type":"Point","coordinates":[76.4472850003111,13.502821000084]},"properties":{"name":"Handanakere PS","code":"PS - 249","dept":"164641801","kgis":"29571055326100470000HMPOLPUOFFPOS0001","id":"132","address":"Dodda Ennegere, Chikkanayakanahalli taluk, Tumakuru, Karnataka, India"}},{"type":"Feature","geometry":{"type":"Point","coordinates":[77.569587000137,12.9966449997394]},"properties":{"name":"Malleshwarm PS","code":"PS - 107","dept":"164431357","kgis":"29572055428031620000HMPOLPUOFFPOS0026","id":"133","address":"Malleshwaram Underpass, Valluvarpuram, Dattatreya Ward, Bengaluru Central City Corporation, Bengaluru, Bangalore North, Bengaluru Urban, Karnataka, 560003, India"}},{"type":"Feature","geometry":{"type":"Point","coordinates":[77.5650049998011,12.9899929995949]},"properties":{"name":"Srirampura PS","code":"PS - 108","dept":"164431358","kgis":"29572055428031620000HMPOLPUOFFPOS0027","id":"134","address":"Dayanand Nagara, Bengaluru West City Corporation, Bengaluru, Bangalore North, Bengaluru Urban, Karnataka, 560021, India"}},{"type":"Feature","geometry":{"type":"Point","coordinates":[77.5536799999682,13.0033419996475]},"properties":{"name":"Subramanya Nagar PS","code":"PS - 109","dept":"164431361","kgis":"29572055428031620000HMPOLPUOFFPOS0028","id":"135","address":"Dr. Rajkumar Road, Subramanya Nagar 2nd Stage, Subrahmanya Nagar, Subramanyanagara, Bengaluru West City Corporation, Bengaluru, Bangalore North, Bengaluru Urban, Karnataka, 560055, India"}},{"type":"Feature","geometry":{"type":"Point","coordinates":[77.5542170001696,12.9946259998528]},"properties":{"name":"Rajajinagar PS","code":"PS - 110","dept":"164431360","kgis":"29572055428031620000HMPOLPUOFFPOS0029","id":"136","address":"12th Main Road, Rajajinagar 2nd Block, Rajajinagar, Rajajinagara, Bengaluru West City Corporation, Bengaluru, Bangalore North, Bengaluru Urban, Karnataka, 560010, India"}},{"type":"Feature","geometry":{"type":"Point","coordinates":[77.5135710004188,13.017349999738]},"properties":{"name":"Rajgopal Nagar PS","code":"PS - 111","dept":"164431362","kgis":"29572055428031620000HMPOLPUOFFPOS0030","id":"137","address":"Shivapura, Bengaluru West City Corporation, Bengaluru, Bangalore North, Bengaluru Urban, Karnataka, 560058, India"}},{"type":"Feature","geometry":{"type":"Point","coordinates":[77.5367059999833,13.0123670002594]},"properties":{"name":"Nandini Layout PS","code":"PS - 113","dept":"164431363","kgis":"29572055428031620000HMPOLPUOFFPOS0032","id":"138","address":"Nandini Layout Road, Nandini Layout, Jai Maruthi Nagar, Bengaluru West City Corporation, Bengaluru, Bangalore North, Bengaluru Urban, Karnataka, 560096, India"}},{"type":"Feature","geometry":{"type":"Point","coordinates":[77.5580990000111,13.018195000432]},"properties":{"name":"Yeshwanthapura PS","code":"PS - 114","dept":"164430006","kgis":"29572055428031620000HMPOLPUOFFPOS0033","id":"139","address":"8th Main Road, Malleswaram, Malleshwaram, Bengaluru West City Corporation, Bengaluru, Bangalore North, Bengaluru Urban, Karnataka, 560012, India"}},{"type":"Feature","geometry":{"type":"Point","coordinates":[77.5499230793907,13.023521263115]},"properties":{"name":"RMC Yard PS, Yeshwanthpura","code":"PS - 115","dept":"164431349","kgis":"29572055428031620000HMPOLPUOFFPOS0034","id":"140","address":"Tumkur Road, Goraguntepalya, Bengaluru West City Corporation, Bengaluru, Bangalore North, Bengaluru Urban, Karnataka, 560022, India"}},{"type":"Feature","geometry":{"type":"Point","coordinates":[77.5211640244163,13.0360401362993]},"properties":{"name":"Peenya PS","code":"PS - 116","dept":"164431350","kgis":"29572055428031620000HMPOLPUOFFPOS0035","id":"141","address":"Police Station Road, Peenya Industrial Area, Peenya, Bengaluru West City Corporation, Bengaluru, Bangalore North, Bengaluru Urban, Karnataka, 560058, India"}},{"type":"Feature","geometry":{"type":"Point","coordinates":[77.5036570001419,13.0595489998628]},"properties":{"name":"Bagalgunte PS","code":"PS - 117","dept":"164432195","kgis":"29572055428031620000HMPOLPUOFFPOS0036","id":"142","address":"MEI Layout, Bagalagunte, Bengaluru North City Corporation, Bengaluru, Bangalore North, Bengaluru Urban, Karnataka, 560073, India"}},{"type":"Feature","geometry":{"type":"Point","coordinates":[77.5299849997112,13.0721550001859]},"properties":{"name":"Gangammagudi PS","code":"PS - 118","dept":"164431348","kgis":"29572055428031620000HMPOLPUOFFPOS0037","id":"143","address":"Kammagondanahalli, Bengaluru North City Corporation, Bengaluru, Bangalore North, Bengaluru Urban, Karnataka, 560015, India"}},{"type":"Feature","geometry":{"type":"Point","coordinates":[77.489040000408,13.0934310001467]},"properties":{"name":"Soladevanahalli PS","code":"PS - 119","dept":"164430030","kgis":"29572055426128790000HMPOLPUOFFPOS0001","id":"144","address":"Hesaraghatta Road, Achyutha Nagara, Soladevanahalli, Yelahanka taluku, Bengaluru Urban, Karnataka, 560107, India"}},{"type":"Feature","geometry":{"type":"Point","coordinates":[77.5495399998899,13.0486679996027]},"properties":{"name":"Jalahalli PS","code":"PS - 120","dept":"164430014","kgis":"29572055428031620000HMPOLPUOFFPOS0038","id":"145","address":"Jalahalli, Bengaluru North City Corporation, Bengaluru, Bangalore North, Bengaluru Urban, Karnataka, 560013, India"}},{"type":"Feature","geometry":{"type":"Point","coordinates":[77.5935739997935,13.0055789999663]},"properties":{"name":"J.C. NagarPS","code":"PS - 121","dept":"164431351","kgis":"29572055428031620000HMPOLPUOFFPOS0039","id":"146","address":"Anchappa Garden, JC Nagar, Ramaswamy Palya, Bengaluru Central City Corporation, Bengaluru, Bangalore North, Bengaluru Urban, Karnataka, 560046, India"}},{"type":"Feature","geometry":{"type":"Point","coordinates":[77.5931990004551,13.0247279997493]},"properties":{"name":"R.T. Nagar PS","code":"PS - 122","dept":"164431352","kgis":"29572055428031620000HMPOLPUOFFPOS0040","id":"147","address":"R.T Nagar, Bengaluru North City Corporation, Bengaluru, Bangalore North, Bengaluru Urban, Karnataka, 560032, India"}},{"type":"Feature","geometry":{"type":"Point","coordinates":[77.5757999996612,13.0333540002619]},"properties":{"name":"Sanjay Nagara PS","code":"PS - 123","dept":"164431353","kgis":"29572055428031620000HMPOLPUOFFPOS0041","id":"148","address":"1st Cross Road, Judicial Officer's Layout, Geddalahalli, Bengaluru North City Corporation, Bengaluru, Bangalore North, Bengaluru Urban, Karnataka, 560094, India"}},{"type":"Feature","geometry":{"type":"Point","coordinates":[77.5896609998677,13.0383900002421]},"properties":{"name":"Hebbal PS","code":"PS - 124","dept":"164431354","kgis":"29572055428031620000HMPOLPUOFFPOS0042","id":"149","address":"Anand Nagar Colony, Hebbal, Bengaluru North City Corporation, Bengaluru, Bangalore North, Bengaluru Urban, Karnataka, 560024, India"}},{"type":"Feature","geometry":{"type":"Point","coordinates":[77.7059880001317,13.1991489995673]},"properties":{"name":"BIAL PS","code":"PS - 125","dept":"164431820","kgis":"29583056039999990000HMPOLPUOFFPOS0001","id":"150","address":"KIAL T1 Entry Road, Anneshvara, Devanahalli taluku, Bengaluru North, Karnataka, 560300, India"}},{"type":"Feature","geometry":{"type":"Point","coordinates":[77.6332139995524,13.1732849997572]},"properties":{"name":"Chikkajala PS","code":"PS - 126","dept":"164430268","kgis":"29572055426128970000HMPOLPUOFFPOS0001","id":"151","address":"Kadiganahalli, Chikkajala, Vidyanagar, Yelahanka taluku, Bengaluru Urban, Karnataka, 562157, India"}},{"type":"Feature","geometry":{"type":"Point","coordinates":[77.7123860001372,13.2454360002925]},"properties":{"name":"Devanahalli PS","code":"PS - 127","dept":"164430266","kgis":"29583056038032350000HMPOLPUOFFPOS0001","id":"152","address":"Devanahalli, Devanahalli taluku, Bengaluru North, Karnataka, 562110, India"}},{"type":"Feature","geometry":{"type":"Point","coordinates":[77.5985649995896,13.0568580000581]},"properties":{"name":"Amruthahally PS","code":"PS - 128","dept":"164431818","kgis":"29572055428031620000HMPOLPUOFFPOS0043","id":"153","address":"Amruthnagar, Byatarayanapura, Bengaluru North City Corporation, Bengaluru, Yelahanka taluku, Bengaluru Urban, Karnataka, 560092, India"}},{"type":"Feature","geometry":{"type":"Point","coordinates":[77.6464059600349,13.0555134900539]},"properties":{"name":"Kothanur PS","code":"PS - 129","dept":"164431875","kgis":"29572055428031620000HMPOLPUOFFPOS0044","id":"154","address":"Hennur Bagalur Road, Evergreen Layout, Horamavu, Bengaluru East City Corporation, Bengaluru, Bangalore East, Bengaluru Urban, Karnataka, 560077, India"}},{"type":"Feature","geometry":{"type":"Point","coordinates":[77.6333430004523,13.0753290001411]},"properties":{"name":"Sampigehalli PS","code":"PS - 130","dept":"164431874","kgis":"29572055428031620000HMPOLPUOFFPOS0045","id":"155","address":"R K Hegde Nagara, Sampigehalli, Bengaluru North City Corporation, Bengaluru, Yelahanka taluku, Bengaluru Urban, Karnataka, 560077, India"}},{"type":"Feature","geometry":{"type":"Point","coordinates":[77.5740659996586,13.0621039996126]},"properties":{"name":"Kodigehalli PS","code":"PS - 131","dept":"164431873","kgis":"29572055428031620000HMPOLPUOFFPOS0046","id":"156","address":"Thindlu, Bengaluru North City Corporation, Bengaluru, Yelahanka taluku, Bengaluru Urban, Karnataka, 560097, India"}},{"type":"Feature","geometry":{"type":"Point","coordinates":[77.5838171135637,13.0999964496935]},"properties":{"name":"Yelahanka New Town PS","code":"PS - 132","dept":"164431356","kgis":"29572055428031620000HMPOLPUOFFPOS0047","id":"157","address":"3rd B Cross, Sector B, Yelahanka New Town, Yelahanka Satellite Town, Bengaluru North City Corporation, Bengaluru, Yelahanka taluku, Bengaluru Urban, Karnataka, 560064, India"}},{"type":"Feature","geometry":{"type":"Point","coordinates":[77.594093907309,13.0948982140093]},"properties":{"name":"Yelahanka PS","code":"PS - 133","dept":"164431355","kgis":"29572055428031620000HMPOLPUOFFPOS0048","id":"158","address":"Yelahanka Road, Judicial Layout, Nyayanga Badavane, Bengaluru North City Corporation, Bengaluru, Yelahanka taluku, Bengaluru Urban, Karnataka, 560065, India"}},{"type":"Feature","geometry":{"type":"Point","coordinates":[77.5679710003444,12.9292740000901]},"properties":{"name":"Banashankari PS","code":"PS - 134","dept":"164431375","kgis":"29572055428031620000HMPOLPUOFFPOS0049","id":"159","address":"Karantha Road, Banashankari 2nd Stage, Ganesh Mandira Ward, Bengaluru West City Corporation, Bengaluru, Bangalore South, Bengaluru Urban, Karnataka, 560070, India"}},{"type":"Feature","geometry":{"type":"Point","coordinates":[77.5742406181053,12.9419994209918]},"properties":{"name":"Basavanagudi PS","code":"PS - 135","dept":"164431376","kgis":"29572055428031620000HMPOLPUOFFPOS0050","id":"160","address":"Tagore Circle Underpass, Gandhi Bazaar, Basavanagudi, Sunkenahalli, Bengaluru Central City Corporation, Bengaluru, Bangalore North, Bengaluru Urban, Karnataka, 560004, India"}},{"type":"Feature","geometry":{"type":"Point","coordinates":[77.5813879997279,12.9285749996732]},"properties":{"name":"Jayanagar PS","code":"PS - 136","dept":"164431372","kgis":"29572055428031620000HMPOLPUOFFPOS0051","id":"161","address":"30th Cross Road, Geetha Colony, Jayanagar 4th Block, Byrasandra, Bengaluru South City Corporation, Bengaluru, Bangalore South, Bengaluru Urban, Karnataka, 560011, India"}},{"type":"Feature","geometry":{"type":"Point","coordinates":[77.5876000003785,12.9118000000068]},"properties":{"name":"Jayaprakash Nagar PS","code":"PS - 137","dept":"164431373","kgis":"29572055428031620000HMPOLPUOFFPOS0052","id":"162","address":"21st Main Road, JP Nagar 2nd Phase, Marenahalli South, Bengaluru South City Corporation, Bengaluru, Bangalore South, Bengaluru Urban, Karnataka, 560078, India"}},{"type":"Feature","geometry":{"type":"Point","coordinates":[77.5941780002841,12.9396290002763]},"properties":{"name":"Siddapura PS","code":"PS - 138","dept":"164431385","kgis":"29572055428031620000HMPOLPUOFFPOS0053","id":"163","address":"Lakkasandra, Someshwara Nagara, Bengaluru Central City Corporation, Bengaluru, Bangalore North, Bengaluru Urban, Karnataka, 560029, India"}},{"type":"Feature","geometry":{"type":"Point","coordinates":[77.5678107000166,12.9290081004219]},"properties":{"name":"Basavanagudi Women PS","code":"PS - 139","dept":"164431377","kgis":"29572055428031620000HMPOLPUOFFPOS0054","id":"164","address":"Karantha Road, Banashankari 2nd Stage, Ganesh Mandira Ward, Bengaluru West City Corporation, Bengaluru, Bangalore South, Bengaluru Urban, Karnataka, 560070, India"}},{"type":"Feature","geometry":{"type":"Point","coordinates":[77.56640799997,12.8839319997207]},"properties":{"name":"Konanakunte PS","code":"PS - 140","dept":"164432202","kgis":"29572055428031620000HMPOLPUOFFPOS0055","id":"165","address":"Amruth Nagar Main Road, PNB Layout, Konanakunte, Bengaluru South City Corporation, Bengaluru, Bangalore South, Bengaluru Urban, Karnataka, 560062, India"}},{"type":"Feature","geometry":{"type":"Point","coordinates":[77.5632979997497,12.9053291296562]},"properties":{"name":"Kumaraswamy Layout PS","code":"PS - 141","dept":"164431378","kgis":"29572055428031620000HMPOLPUOFFPOS0056","id":"166","address":"70th Cross Road, Kumaraswamy Layout 1st Stage, ISRO Layout, Kane Muneshwara Ward, Bengaluru South City Corporation, Bengaluru, Bangalore South, Bengaluru Urban, Karnataka, 560111, India"}},{"type":"Feature","geometry":{"type":"Point","coordinates":[77.5819750000366,12.9024027782159]},"properties":{"name":"Puttenahalli PS","code":"PS - 142","dept":"164432203","kgis":"29572055428031620000HMPOLPUOFFPOS0057","id":"167","address":"9th Cross Road, K R Layout, Kengal Hanumanthaiah South, Bengaluru South City Corporation, Bengaluru, Bangalore South, Bengaluru Urban, Karnataka, 560078, India"}},{"type":"Feature","geometry":{"type":"Point","coordinates":[77.5443170617634,12.901203319357]},"properties":{"name":"Subramanyapura PS","code":"PS - 143","dept":"164431379","kgis":"29572055428031620000HMPOLPUOFFPOS0058","id":"168","address":"Konanakunte-Uttarahalli Road, Vasanthapura, Uttarahalli, Bengaluru South City Corporation, Bengaluru, Bangalore South, Bengaluru Urban, Karnataka, 560061, India"}},{"type":"Feature","geometry":{"type":"Point","coordinates":[77.5362860003164,12.8690240001717]},"properties":{"name":"Thalaghattapura PS","code":"PS - 144","dept":"164431347","kgis":"29572055428031620000HMPOLPUOFFPOS0059","id":"169","address":"Thalaghattapura, Talagattapura, Bengaluru South City Corporation, Bengaluru, Bangalore South, Bengaluru Urban, Karnataka, 560109, India"}},{"type":"Feature","geometry":{"type":"Point","coordinates":[77.5722658495622,12.9596195803045]},"properties":{"name":"V.V. Puram PS","code":"PS - 145","dept":"164431365","kgis":"29572055428031620000HMPOLPUOFFPOS0060","id":"170","address":"Pampa Mahakavi Road, Chamarajapete, Chamarajpet, Bengaluru Central City Corporation, Bengaluru, Bangalore North, Bengaluru Urban, Karnataka, 560018, India"}},{"type":"Feature","geometry":{"type":"Point","coordinates":[77.560604590239,12.9301162396181]},"properties":{"name":"Channammanakere Achu Kattu PS","code":"PS - 146","dept":"164431797","kgis":"29572055428031620000HMPOLPUOFFPOS0061","id":"171","address":"Banashankari, Kathriguppe, Bengaluru West City Corporation, Bengaluru, Bangalore South, Bengaluru Urban, Karnataka, 560070, India"}},{"type":"Feature","geometry":{"type":"Point","coordinates":[77.5631800000979,12.9491600000604]},"properties":{"name":"Kempegowda Nagar PS","code":"PS - 147","dept":"164431367","kgis":"29572055428031620000HMPOLPUOFFPOS0062","id":"172","address":"Kempegowda Circle, Devaraj Urs Ward, Bengaluru Central City Corporation, Bengaluru, Bangalore North, Bengaluru Urban, Karnataka, 560019, India"}},{"type":"Feature","geometry":{"type":"Point","coordinates":[77.5438999998846,12.9360000002911]},"properties":{"name":"Girinagar PS","code":"PS - 148","dept":"164431368","kgis":"29572055428031620000HMPOLPUOFFPOS0063","id":"173","address":"1st Cross Road, Hosakerehalli Layout, Girinagar, Swamy Vivekananda Ward, Bengaluru West City Corporation, Bengaluru, Bangalore South, Bengaluru Urban, Karnataka, 560085, India"}},{"type":"Feature","geometry":{"type":"Point","coordinates":[77.6415333333942,12.9056000003551]},"properties":{"name":"Bandepalya PS","code":"PS - 149","dept":"164432193","kgis":"29572055428031620000HMPOLPUOFFPOS0064","id":"174","address":"27th Cross Road, Sector 3, HSR Layout, Bengaluru South City Corporation, Bengaluru, Bangalore South, Bengaluru Urban, Karnataka, 560102, India"}},{"type":"Feature","geometry":{"type":"Point","coordinates":[77.5127363002522,12.9764945003794]},"properties":{"name":"Annapoorneshwari Nagar PS","code":"PS - 164","dept":"164432188","kgis":"29572055428031620000HMPOLPUOFFPOS0078","id":"175","address":"Nagarbhavi 5th Block, Nagarabhavi, Vinayaka Layout, Bengaluru West City Corporation, Bengaluru, Bangalore North, Bengaluru Urban, Karnataka, 560072, India"}},{"type":"Feature","geometry":{"type":"Point","coordinates":[77.5401247181361,12.9513964930184]},"properties":{"name":"Byatarayanapura PS","code":"PS - 165","dept":"164431418","kgis":"29572055428031620000HMPOLPUOFFPOS0079","id":"176","address":"NTY Layout, Gali Anjaneya Temple Ward, Bengaluru West City Corporation, Bengaluru, Bangalore North, Bengaluru Urban, Karnataka, 560026, India"}},{"type":"Feature","geometry":{"type":"Point","coordinates":[77.5283954172681,12.9588991588048]},"properties":{"name":"Chandra Layout PS","code":"PS - 166","dept":"164431420","kgis":"29572055428031620000HMPOLPUOFFPOS0080","id":"177","address":"Chandra Layout, Attigupe, Bengaluru West City Corporation, Bengaluru, Bangalore North, Bengaluru Urban, Karnataka, 560040, India"}},{"type":"Feature","geometry":{"type":"Point","coordinates":[77.5550759389811,12.964081607397]},"properties":{"name":"Jagajeevanram Nagar PS","code":"PS - 167","dept":"164431421","kgis":"29572055428031620000HMPOLPUOFFPOS0081","id":"178","address":"JJR Nagara, Bengaluru Central City Corporation, Bengaluru, Bangalore North, Bengaluru Urban, Karnataka, 560026, India"}},{"type":"Feature","geometry":{"type":"Point","coordinates":[77.5002666799548,12.9505529290118]},"properties":{"name":"Jnanabharathi PS","code":"PS - 168","dept":"164431422","kgis":"29572055428031620000HMPOLPUOFFPOS0082","id":"179","address":"University Road, Jnana Bharathi, Jnana Bharathi Ward, Bengaluru West City Corporation, Bengaluru, Bangalore North, Bengaluru Urban, Karnataka, 560056, India"}},{"type":"Feature","geometry":{"type":"Point","coordinates":[77.4815711889913,12.9104775156184]},"properties":{"name":"Kengeri PS","code":"PS - 169","dept":"164431423","kgis":"29572055428031620000HMPOLPUOFFPOS0083","id":"180","address":"Mysore Road, Mylasandra, Bengaluru West City Corporation, Bengaluru, Bangalore South, Bengaluru Urban, Karnataka, 560060, India"}},{"type":"Feature","geometry":{"type":"Point","coordinates":[77.5206330486244,12.9128403426384]},"properties":{"name":"Rajarajeshwari Nagar PS","code":"PS - 170","dept":"164431877","kgis":"29572055428031620000HMPOLPUOFFPOS0084","id":"181","address":"Jawaharlal Nehru Road, Channasandra, Rajarajeshwari Nagar, Rajarajeshwari Nagara, Bengaluru West City Corporation, Bengaluru, Bangalore South, Bengaluru Urban, Karnataka, 560098, India"}},{"type":"Feature","geometry":{"type":"Point","coordinates":[77.542571994291,12.9853070014035]},"properties":{"name":"Basaveshwara Nagar PS","code":"PS - 171","dept":"164431426","kgis":"29572055428031620000HMPOLPUOFFPOS0085","id":"182","address":"9th Cross Road, Agrahara Dasarahalli, Bengaluru West City Corporation, Bengaluru, Bangalore North, Bengaluru Urban, Karnataka, 560079, India"}},{"type":"Feature","geometry":{"type":"Point","coordinates":[77.5320189022735,12.9822236602558]},"properties":{"name":"Kamakshipalya PS","code":"PS - 172","dept":"164431428","kgis":"29572055428031620000HMPOLPUOFFPOS0086","id":"183","address":"Meenakshi Nagar, Kamakshipalya, Bengaluru West City Corporation, Bengaluru, Bangalore North, Bengaluru Urban, Karnataka, 560079, India"}},{"type":"Feature","geometry":{"type":"Point","coordinates":[77.5615773208425,12.9725125392007]},"properties":{"name":"Kempapura Agrahara PS","code":"PS - 173","dept":"164431427","kgis":"29572055428031620000HMPOLPUOFFPOS0087","id":"184","address":"Bhuvaneshwari Nagar, Bengaluru Central City Corporation, Bengaluru, Bangalore North, Bengaluru Urban, Karnataka, 560023, India"}},{"type":"Feature","geometry":{"type":"Point","coordinates":[77.5501698999891,12.9755660999865]},"properties":{"name":"Magadi Road PS","code":"PS - 174","dept":"164431425","kgis":"29572055428031620000HMPOLPUOFFPOS0088","id":"185","address":"Police Quarters, Dr Rajkumar Ward, Bengaluru West City Corporation, Bengaluru, Bangalore North, Bengaluru Urban, Karnataka, 560023, India"}},{"type":"Feature","geometry":{"type":"Point","coordinates":[77.538467437727,12.9723502644423]},"properties":{"name":"Vijayanagar PS","code":"PS - 175","dept":"164431424","kgis":"29572055428031620000HMPOLPUOFFPOS0089","id":"186","address":"Sha Shi Marulayya Road, Hosahalli, Bengaluru West City Corporation, Bengaluru, Bangalore North, Bengaluru Urban, Karnataka, 560040, India"}},{"type":"Feature","geometry":{"type":"Point","coordinates":[77.7238969999589,13.4377180003861]},"properties":{"name":"Chikkaballapura Town PS","code":"PS - 176","dept":"169760833","kgis":"29582055966235540000HMPOLPUOFFPOS0001","id":"187","address":"Chikkaballapura, Chikkaballapura taluk, Chikkaballapura, Karnataka, 562103, India"}},{"type":"Feature","geometry":{"type":"Point","coordinates":[77.7296819999364,13.4360050000193]},"properties":{"name":"Chikkaballapura Rural PS","code":"PS - 177","dept":"169760834","kgis":"29582055968032270000HMPOLPUOFFPOS0001","id":"188","address":"NH69, Chikkaballapura, Chikkaballapura taluk, Chikkaballapura, Karnataka, 562103, India"}},{"type":"Feature","geometry":{"type":"Point","coordinates":[77.7238969999589,13.4377180003861]},"properties":{"name":"Chikkaballapura Women PS","code":"PS - 178","dept":"169762157","kgis":"29582055966235540000HMPOLPUOFFPOS0002","id":"189","address":"Chikkaballapura, Chikkaballapura taluk, Chikkaballapura, Karnataka, 562103, India"}},{"type":"Feature","geometry":{"type":"Point","coordinates":[77.7251440242926,13.3781418841915]},"properties":{"name":"Nandi Girighama PS","code":"PS - 179","dept":"169762129","kgis":"29582055966236360000HMPOLPUOFFPOS0001","id":"190","address":"Varamallenahalli, Chadalupura, Chikkaballapura taluk, Chikkaballapura, Karnataka, 562103, India"}},{"type":"Feature","geometry":{"type":"Point","coordinates":[77.7297249997124,13.4403560004129]},"properties":{"name":"Chikkaballapura CEN Crime PS","code":"PS - 180","dept":"169762152","kgis":"29582055968032270000HMPOLPUOFFPOS0002","id":"191","address":"Chikkaballapura, Chikkaballapura taluk, Chikkaballapura, Karnataka, 562103, India"}},{"type":"Feature","geometry":{"type":"Point","coordinates":[77.5199157620995,13.6082518915949]},"properties":{"name":"Gowribidanur Town PS","code":"PS - 181","dept":"169760836","kgis":"29582055956232660000HMPOLPUOFFPOS0001","id":"192","address":"ಕರೇಕಲ್ಲಹಳ್ಳಿ, Gauribidanuru, Gauribidanuru taluk, Chikkaballapura, Karnataka, 561208, India"}},{"type":"Feature","geometry":{"type":"Point","coordinates":[75.1241989997586,15.1246640001089]},"properties":{"name":"Tadas PS","code":"PS - 341","dept":"164390156","kgis":"29564054896038790000HMPOLPUOFFPOS0001","id":"193","address":"Sirsi - Hubbali Highway ಸಿರ್ಸಿ - ಹುಬ್ಬಳ್ಳಿ ಹೆದ್ದಾರಿ, Tadas, Shiggaon taluk, Haveri, Karnataka, 581212, India"}},{"type":"Feature","geometry":{"type":"Point","coordinates":[74.9978580000498,15.4645530001277]},"properties":{"name":"Dharwad Sub Urban PS","code":"PS - 342","dept":"169711686","kgis":"29562054738030830000HMPOLPUOFFPOS0001","id":"194","address":"Saidapur, Sadhanakeri, Dharwad, Dharawada taluku, Dharwad, Karnataka, 580001, India"}},{"type":"Feature","geometry":{"type":"Point","coordinates":[75.0112029995962,15.4588490003728]},"properties":{"name":"Dharwad Town PS","code":"PS - 343","dept":"169710081","kgis":"29562054738030830000HMPOLPUOFFPOS0002","id":"195","address":"Kamalapura, Dharwad, Dharawada taluku, Dharwad, Karnataka, 580001, India"}},{"type":"Feature","geometry":{"type":"Point","coordinates":[75.0113909995813,15.4390219996846]},"properties":{"name":"Vidyagiri PS","code":"PS - 344","dept":"169711687","kgis":"29562054738030830000HMPOLPUOFFPOS0003","id":"196","address":"SH1, Saraswathpur, Gandhinagar, Dharwad, Dharawada taluku, Dharwad, Karnataka, 580001, India"}},{"type":"Feature","geometry":{"type":"Point","coordinates":[75.0815680002809,15.3927790001568]},"properties":{"name":"APMC Navanagar","code":"PS - 345","dept":"169711901","kgis":"29562054758030830000HMPOLPUOFFPOS0001","id":"197","address":"Navanagar Main Road, Navanagar, Amaragol, Hubballi Urban Taluku, Dharwad, Karnataka, 580025, India"}},{"type":"Feature","geometry":{"type":"Point","coordinates":[75.1318450001869,15.3689909999987]},"properties":{"name":"Ashoknagar PS","code":"PS - 346","dept":"169711935","kgis":"29562054758030830000HMPOLPUOFFPOS0002","id":"198","address":"Vishweshwara Nagar, Hubballi, Hubballi Urban Taluku, Dharwad, Karnataka, 580020, India"}},{"type":"Feature","geometry":{"type":"Point","coordinates":[75.1143060001498,15.3508060001786]},"properties":{"name":"Gokul Road PS","code":"PS - 347","dept":"169710071","kgis":"29562054758030830000HMPOLPUOFFPOS0003","id":"199","address":"Gokul Road / Airport Road, Dollars Colony, Padmaraj Nagar, Hubballi, Hubballi Urban Taluku, Dharwad, Karnataka, 580020, India"}},{"type":"Feature","geometry":{"type":"Point","coordinates":[75.1392599995464,15.3506379996766]},"properties":{"name":"Hubballi SubUrban PS","code":"PS - 348","dept":"169710070","kgis":"29562054758030830000HMPOLPUOFFPOS0004","id":"200","address":"Sir Siddappa Kambli Road, J C Nagar, Kamaripet, Hubballi, Hubballi Urban Taluku, Dharwad, Karnataka, 580020, India"}},{"type":"Feature","geometry":{"type":"Point","coordinates":[75.1367809996668,15.3446010003017]},"properties":{"name":"Kamaripeth PS","code":"PS - 349","dept":"169710072","kgis":"29562054758030830000HMPOLPUOFFPOS0005","id":"201","address":"Unkal Bypass Road, Chanakya Puri, Kamaripet, Hubballi, Hubballi Urban Taluku, Dharwad, Karnataka, 580020, India"}},{"type":"Feature","geometry":{"type":"Point","coordinates":[75.1624750001726,15.360279000391]},"properties":{"name":"Keshavapur PS","code":"PS - 350","dept":"169710073","kgis":"29562054758030830000HMPOLPUOFFPOS0006","id":"202","address":"Hubballi, Hubballi Urban Taluku, Dharwad, Karnataka, 580020, India"}},{"type":"Feature","geometry":{"type":"Point","coordinates":[75.126308999681,15.3636109998313]},"properties":{"name":"Vidyanagar PS","code":"PS - 351","dept":"169710074","kgis":"29562054758030830000HMPOLPUOFFPOS0007","id":"203","address":"Vidyanagar, Hubballi, Hubballi Urban Taluku, Dharwad, Karnataka, 580020, India"}},{"type":"Feature","geometry":{"type":"Point","coordinates":[75.1503440003866,15.3425479998105]},"properties":{"name":"Bendigeri PS","code":"PS - 353","dept":"169710079","kgis":"29562054756023840000HMPOLPUOFFPOS0001","id":"204","address":"Ganeshpeth, Kamaripet, Hubballi, Hubballi Urban Taluku, Dharwad, Karnataka, 580020, India"}},{"type":"Feature","geometry":{"type":"Point","coordinates":[75.1418870001519,15.341193000208]},"properties":{"name":"Ghantikeri PS","code":"PS - 354","dept":"169710077","kgis":"29562054758030830000HMPOLPUOFFPOS0009","id":"205","address":"Navale Galli, Kamaripet, Hubballi, Hubballi Urban Taluku, Dharwad, Karnataka, 580020, India"}},{"type":"Feature","geometry":{"type":"Point","coordinates":[75.1430040002625,15.3451650000085]},"properties":{"name":"Hubballi Town PS","code":"PS - 355","dept":"169710076","kgis":"29562054758030830000HMPOLPUOFFPOS0010","id":"206","address":"Broadway, Kamaripet, Hubballi, Hubballi Urban Taluku, Dharwad, Karnataka, 580020, India"}},{"type":"Feature","geometry":{"type":"Point","coordinates":[75.1331909999777,15.3370160000167]},"properties":{"name":"Kasabapeth PS","code":"PS - 356","dept":"169710080","kgis":"29562054758030830000HMPOLPUOFFPOS0011","id":"207","address":"Old Hubli, Hubballi, Hubballi Urban Taluku, Dharwad, Karnataka, 580020, India"}},{"type":"Feature","geometry":{"type":"Point","coordinates":[75.1269729996517,15.3367220003203]},"properties":{"name":"Old Hubli PS","code":"PS - 357","dept":"169710078","kgis":"29562054758030830000HMPOLPUOFFPOS0012","id":"208","address":"Heggeri, Old Hubli, Hubballi, Hubballi Urban Taluku, Dharwad, Karnataka, 580020, India"}},{"type":"Feature","geometry":{"type":"Point","coordinates":[77.4122979997886,18.2490299998802]},"properties":{"name":"Aurad PS","code":"PS - 358","dept":"164461474","kgis":"29558054568030590000HMPOLPUOFFPOS0001","id":"209","address":"SH34, Aurad, Aurad taluku, Bidar, Karnataka, 585259, India"}},{"type":"Feature","geometry":{"type":"Point","coordinates":[77.5467750003733,18.268915000167]},"properties":{"name":"Chintaki PS","code":"PS - 359","dept":"164461476","kgis":"29558054566000730000HMPOLPUOFFPOS0001","id":"210","address":"Karanji.b, Karanji, Aurad taluku, Bidar, Karnataka, India"}},{"type":"Feature","geometry":{"type":"Point","coordinates":[77.3288899995648,18.3845760000993]},"properties":{"name":"Hokrana PS","code":"PS - 360","dept":"164461921","kgis":"29558054565999730000HMPOLPUOFFPOS0001","id":"211","address":"Hokarana, Sawargaon, Aurad taluku, Bidar, Karnataka, India"}},{"type":"Feature","geometry":{"type":"Point","coordinates":[77.4363539998982,18.1602799999964]},"properties":{"name":"Shanthapur PS","code":"PS - 361","dept":"164461475","kgis":"29558054566000970000HMPOLPUOFFPOS0001","id":"212","address":"SH123, Santhapura, Aurad taluku, Bidar, Karnataka, 585421, India"}},{"type":"Feature","geometry":{"type":"Point","coordinates":[77.2104150002743,18.0434870002126]},"properties":{"name":"Bhalki Rural PS","code":"PS - 362","dept":"164460390","kgis":"29558054558030580000HMPOLPUOFFPOS0001","id":"213","address":"Old Town, Bhalki, Bhalki taluku, Bidar, Karnataka, 585328, India"}},{"type":"Feature","geometry":{"type":"Point","coordinates":[77.338002999975,17.9584419999459]},"properties":{"name":"Dhannura PS","code":"PS - 363","dept":"164460392","kgis":"29558054555999570000HMPOLPUOFFPOS0001","id":"214","address":"Dhannura, Bhalki taluku, Bidar, Karnataka, 585415, India"}},{"type":"Feature","geometry":{"type":"Point","coordinates":[77.2040699999815,17.8966649996622]},"properties":{"name":"Khataka Chincholi PS","code":"PS - 364","dept":"164460391","kgis":"29558054555999410000HMPOLPUOFFPOS0001","id":"215","address":"Khataka Chincholi, Sikandrabada Vadi, Bhalki taluku, Bidar, Karnataka, India"}},{"type":"Feature","geometry":{"type":"Point","coordinates":[77.0188169995521,18.1011150004082]},"properties":{"name":"Mehakar PS","code":"PS - 365","dept":"164462130","kgis":"29558054555998450000HMPOLPUOFFPOS0001","id":"216","address":"Mehakara, Bhalki taluku, Bidar, Karnataka, India"}},{"type":"Feature","geometry":{"type":"Point","coordinates":[77.2149860002005,18.0464960002772]},"properties":{"name":"Bhalki Town PS","code":"PS - 366","dept":"164461477","kgis":"29558054558030580000HMPOLPUOFFPOS0002","id":"217","address":"Station Road, Old Town, Bhalki, Bhalki taluku, Bidar, Karnataka, 585328, India"}},{"type":"Feature","geometry":{"type":"Point","coordinates":[77.1776990000195,18.2358999998793]},"properties":{"name":"Kamalanagar PS","code":"PS - 367","dept":"164460394","kgis":"29558054566001200000HMPOLPUOFFPOS0001","id":"218","address":"Kamalanagara, Kamalnagar taluku, Bidar, Karnataka, 585417, India"}},{"type":"Feature","geometry":{"type":"Point","coordinates":[77.3285549999694,18.1549650003881]},"properties":{"name":"Kushnoor PS","code":"PS - 368","dept":"164460395","kgis":"29558054566000290000HMPOLPUOFFPOS0001","id":"219","address":"SH123, Tanakusanura, Thana Kushnura, Kamalnagar taluku, Bidar, Karnataka, 585436, India"}},{"type":"Feature","geometry":{"type":"Point","coordinates":[77.5141620002487,17.9100559995814]},"properties":{"name":"Gandhi Gunj PS","code":"PS - 369","dept":"164460374","kgis":"29558054578030600000HMPOLPUOFFPOS0001","id":"220","address":"Gandhi Gunj, Jungle Koyi, Bidar, Bidar taluku, Bidar, Karnataka, 585400, India"}},{"type":"Feature","geometry":{"type":"Point","coordinates":[77.5314430000144,17.9070770003708]},"properties":{"name":"Mangalapet Market PS","code":"PS - 370","dept":"164460376","kgis":"29558054578030600000HMPOLPUOFFPOS0002","id":"221","address":"Rajabagh, Old City, Bidar, Bidar taluku, Bidar, Karnataka, 585400, India"}},{"type":"Feature","geometry":{"type":"Point","coordinates":[77.3999689999566,17.7495159997799]},"properties":{"name":"Bagdal PS","code":"PS - 371","dept":"164460400","kgis":"29558054576002310000HMPOLPUOFFPOS0001","id":"222","address":"Bagadhala, Bagadala, Bidar taluku, Bidar, Karnataka, India"}},{"type":"Feature","geometry":{"type":"Point","coordinates":[77.4753984856945,17.9347863425413]},"properties":{"name":"Bidar Rural PS","code":"PS - 372","dept":"164460396","kgis":"29558054578030600000HMPOLPUOFFPOS0003","id":"223","address":"Pratap Nagar, Naubad, Bidar, Bidar taluku, Bidar, Karnataka, 585400, India"}},{"type":"Feature","geometry":{"type":"Point","coordinates":[77.4810010001977,18.0035499998352]},"properties":{"name":"Janwada PS","code":"PS - 373","dept":"164460399","kgis":"29558054576001400000HMPOLPUOFFPOS0001","id":"224","address":"Janawada, Bidar taluku, Bidar, Karnataka, 585423, India"}},{"type":"Feature","geometry":{"type":"Point","coordinates":[77.5049270001595,17.7612519995547]},"properties":{"name":"Mannalli PS","code":"PS - 374","dept":"164462004","kgis":"29558054576002380000HMPOLPUOFFPOS0001","id":"225","address":"Mannalli, Mannahalli, Bidar taluku, Bidar, Karnataka, India"}},{"type":"Feature","geometry":{"type":"Point","coordinates":[77.5307829996043,17.9128260001402]},"properties":{"name":"Bidar Town PS","code":"PS - 375","dept":"164460372","kgis":"29558054578030600000HMPOLPUOFFPOS0004","id":"226","address":"Gole Khana, Old City, Bidar, Bidar taluku, Bidar, Karnataka, 585400, India"}},{"type":"Feature","geometry":{"type":"Point","coordinates":[77.5092700004058,17.9235209997318]},"properties":{"name":"Bidar New Town PS","code":"PS - 376","dept":"164460373","kgis":"29558054578030600000HMPOLPUOFFPOS0005","id":"227","address":"Mamanakeri, Bidar, Bidar taluku, Bidar, Karnataka, 585400, India"}},{"type":"Feature","geometry":{"type":"Point","coordinates":[77.5324059003355,17.9073477998165]},"properties":{"name":"Bidar Women PS","code":"PS - 377","dept":"164462139","kgis":"29558054578030600000HMPOLPUOFFPOS0006","id":"228","address":"Rajabagh, Old City, Bidar, Bidar taluku, Bidar, Karnataka, 585400, India"}},{"type":"Feature","geometry":{"type":"Point","coordinates":[76.9475023157556,17.8738776871821]},"properties":{"name":"Basava Kalyana Town PS","code":"PS - 378","dept":"164460401","kgis":"29558054548030570000HMPOLPUOFFPOS0001","id":"229","address":"Basavakalyana, Basavakalyan, Basavakalyana taluku, Bidar, Karnataka, 585327, India"}},{"type":"Feature","geometry":{"type":"Point","coordinates":[77.0059150002993,18.0199279999518]},"properties":{"name":"Hulsoor PS","code":"PS - 379","dept":"164460404","kgis":"29558054545997240000HMPOLPUOFFPOS0001","id":"230","address":"SH11, Hulsura, Belura, Hulasura taluku, Bidar, Karnataka, 585416, India"}},{"type":"Feature","geometry":{"type":"Point","coordinates":[77.2112289995365,17.6922999999829]},"properties":{"name":"Chitaguppa PS","code":"PS - 380","dept":"164460381","kgis":"29558054588030620000HMPOLPUOFFPOS0001","id":"231","address":"SH75, Bataguppa, Chittaguppa, Humanabad taluku, Bidar, Karnataka, 585412, India"}},{"type":"Feature","geometry":{"type":"Point","coordinates":[77.4246340001664,17.6620550001425]},"properties":{"name":"Bemalkhed PS","code":"PS - 381","dept":"164460383","kgis":"29558054586003370000HMPOLPUOFFPOS0001","id":"232","address":"Karnataka State Highway 122, Bimalakheda, Karakanalli, Humanabad taluku, Bidar, Karnataka, 585313, India"}},{"type":"Feature","geometry":{"type":"Point","coordinates":[77.3683280003791,17.7271920002443]},"properties":{"name":"Manna Ekhelli PS","code":"PS - 382","dept":"164460382","kgis":"29558054586003350000HMPOLPUOFFPOS0001","id":"233","address":"Mannaekhalli, Manna E Khelli, Humanabad taluku, Bidar, Karnataka, 585227, India"}},{"type":"Feature","geometry":{"type":"Point","coordinates":[77.2644129999467,17.8516670000843]},"properties":{"name":"Hallikhed PS","code":"PS - 383","dept":"164460386","kgis":"29558054586002760000HMPOLPUOFFPOS0001","id":"234","address":"Hallikheda (b), Hallikheda, Chittaguppa taluku, Bidar, Karnataka, 585414, India"}},{"type":"Feature","geometry":{"type":"Point","coordinates":[77.1235000003846,17.772094999952]},"properties":{"name":"Humnabad PS","code":"PS - 384","dept":"164460385","kgis":"29558054588030610000HMPOLPUOFFPOS0001","id":"235","address":"Humanabadh, Humanabad, Chittaguppa taluku, Bidar, Karnataka, 585300, India"}},{"type":"Feature","geometry":{"type":"Point","coordinates":[76.8496290004665,17.8166779996662]},"properties":{"name":"Manthala PS","code":"PS - 385","dept":"164461469","kgis":"29558054545997840000HMPOLPUOFFPOS0001","id":"236","address":"Mutala, Matala, Basavakalyana taluku, Bidar, Karnataka, 585419, India"}},{"type":"Feature","geometry":{"type":"Point","coordinates":[76.9386879998236,17.7304279997017]},"properties":{"name":"Mudbi PS","code":"PS - 386","dept":"164461471","kgis":"29558054545998190000HMPOLPUOFFPOS0001","id":"237","address":"Mudabi, Basavakalyana taluku, Bidar, Karnataka, 585437, India"}},{"type":"Feature","geometry":{"type":"Point","coordinates":[76.3582500001155,17.2028699998072]},"properties":{"name":"Afzalpur PS","code":"PS - 387","dept":"164541610","kgis":"29579055818032060000HMPOLPUOFFPOS0001","id":"238","address":"SH22, Afzalpur, Afzalpura taluku, Kalaburagi, Karnataka, 585301, India"}},{"type":"Feature","geometry":{"type":"Point","coordinates":[76.5430970003937,17.2072069999576]},"properties":{"name":"Devalagangapur PS","code":"PS - 388","dept":"164541613","kgis":"29579055816201620000HMPOLPUOFFPOS0001","id":"239","address":"Chaudapura, Afzalpura taluku, Kalaburagi, Karnataka, 585212, India"}},{"type":"Feature","geometry":{"type":"Point","coordinates":[76.4648649997774,17.3220370004382]},"properties":{"name":"Revoor PS","code":"PS - 389","dept":"164541612","kgis":"29579055816201200000HMPOLPUOFFPOS0001","id":"240","address":"Revura, Afzalpura taluku, Kalaburagi, Karnataka, India"}},{"type":"Feature","geometry":{"type":"Point","coordinates":[76.5607100004583,17.5616599997127]},"properties":{"name":"Alland PS","code":"PS - 390","dept":"164541605","kgis":"29579055808032050000HMPOLPUOFFPOS0001","id":"241","address":"Alanda, Alanda taluku, Kalaburagi, Karnataka, India"}},{"type":"Feature","geometry":{"type":"Point","coordinates":[76.3738300000426,17.4572500004267]},"properties":{"name":"Madanahipparga PS","code":"PS - 391","dept":"164541614","kgis":"29579055806200550000HMPOLPUOFFPOS0001","id":"242","address":"SH124, Madana Hipparaga, Alanda taluku, Kalaburagi, Karnataka, India"}},{"type":"Feature","geometry":{"type":"Point","coordinates":[76.7173033003236,17.5139527000544]},"properties":{"name":"Narona PS","code":"PS - 392","dept":"164541607","kgis":"29579055806199990000HMPOLPUOFFPOS0001","id":"243","address":"Narona, Alanda taluku, Kalaburagi, Karnataka, 585311, India"}},{"type":"Feature","geometry":{"type":"Point","coordinates":[76.5853072002066,17.3871323997533]},"properties":{"name":"Nimbarga PS","code":"PS - 393","dept":"164541609","kgis":"29579055806200750000HMPOLPUOFFPOS0001","id":"244","address":"Nimbarga Tanda, Alanda taluku, Kalaburagi, Karnataka, India"}},{"type":"Feature","geometry":{"type":"Point","coordinates":[77.4197730558149,17.4600805559727]},"properties":{"name":"Chincholi PS","code":"PS - 394","dept":"164541579","kgis":"29579055838032080000HMPOLPUOFFPOS0001","id":"245","address":"NH167N, Chincholi, Chincholi taluku, Kalaburagi, Karnataka, 585307, India"}},{"type":"Feature","geometry":{"type":"Point","coordinates":[77.6281780001458,17.4853999998385]},"properties":{"name":"Kunchavaram PS","code":"PS - 395","dept":"164541580","kgis":"29579055836203780000HMPOLPUOFFPOS0001","id":"246","address":"Linganagara, Lakshmasagara, Chincholi taluku, Kalaburagi, Karnataka, 502636, India"}},{"type":"Feature","geometry":{"type":"Point","coordinates":[77.4956489996095,17.364376000427]},"properties":{"name":"Miryan PS","code":"PS - 396","dept":"164541581","kgis":"29579055836204020000HMPOLPUOFFPOS0001","id":"247","address":"NH167N, Miriyana, Chincholi taluku, Kalaburagi, Karnataka, India"}},{"type":"Feature","geometry":{"type":"Point","coordinates":[77.4500333328794,16.9066999998364]},"properties":{"name":"Mudhol PS","code":"PS - 397","dept":"164541587","kgis":"29579055846205860000HMPOLPUOFFPOS0001","id":"248","address":"SH16, Sedam taluku, Kalaburagi, Karnataka, India"}},{"type":"Feature","geometry":{"type":"Point","coordinates":[76.538450999737,13.5830499995931]},"properties":{"name":"Huliyar PS","code":"PS - 250","dept":"164641653","kgis":"29571055326102650000HMPOLPUOFFPOS0001","id":"249","address":"NH69, Huliyaru, Chikkanayakanahalli taluk, Tumakuru, Karnataka, 572218, India"}},{"type":"Feature","geometry":{"type":"Point","coordinates":[75.8896999998976,12.7266999999098]},"properties":{"name":"Shanivarasanthe PS","code":"PS - 606","dept":"164510592","kgis":"29576055676178920000HMPOLPUOFFPOS0001","id":"250","address":"SH8, Shanivarsanthe, Somawarpet taluk, Kodagu, Karnataka, 571235, India"}},{"type":"Feature","geometry":{"type":"Point","coordinates":[75.8090270002041,12.5132190001061]},"properties":{"name":"Somwarpet PS","code":"PS - 607","dept":"164510591","kgis":"29576055676179580000HMPOLPUOFFPOS0001","id":"251","address":"ಮಾದಪುರ, Somawarpet taluk, Kodagu, Karnataka, 571251, India"}},{"type":"Feature","geometry":{"type":"Point","coordinates":[75.9230444487975,12.1855877517853]},"properties":{"name":"Gonikoppa PS","code":"PS - 608","dept":"164510582","kgis":"29576055686180890000HMPOLPUOFFPOS0001","id":"252","address":"Gonikoppalu, Ponnampete taluk, Kodagu, Karnataka, 571218, India"}},{"type":"Feature","geometry":{"type":"Point","coordinates":[75.9419032913727,12.1473782361423]},"properties":{"name":"Ponnampet PS","code":"PS - 609","dept":"164510583","kgis":"29576055686180540000HMPOLPUOFFPOS0001","id":"253","address":"Ichuru, Ponnampete taluk, Kodagu, Karnataka, 571213, India"}},{"type":"Feature","geometry":{"type":"Point","coordinates":[76.0518829998754,11.9688490002946]},"properties":{"name":"Kutta PS","code":"PS - 610","dept":"164511631","kgis":"29576055686180780000HMPOLPUOFFPOS0001","id":"254","address":"Kutta, Ponnampete taluk, Kodagu, Karnataka, 571250, India"}},{"type":"Feature","geometry":{"type":"Point","coordinates":[75.8010220002111,12.1928730003179]},"properties":{"name":"Virajpet Town PS","code":"PS - 611","dept":"164510578","kgis":"29576055686180050000HMPOLPUOFFPOS0001","id":"255","address":"SH91, Betoli, Virajpet taluk, Kodagu, Karnataka, India"}},{"type":"Feature","geometry":{"type":"Point","coordinates":[77.5083690000106,13.6014019995754]},"properties":{"name":"Gowribidanur Rural PS","code":"PS - 182","dept":"169760837","kgis":"29582055956232660000HMPOLPUOFFPOS0002","id":"256","address":"SH-9, ಕರೇಕಲ್ಲಹಳ್ಳಿ, Mariyappanapalya, Gauribidanuru taluk, Chikkaballapura, Karnataka, 561208, India"}},{"type":"Feature","geometry":{"type":"Point","coordinates":[77.6022840000874,13.5004040004308]},"properties":{"name":"Manchenahalli PS","code":"PS - 183","dept":"169760838","kgis":"29582055956234110000HMPOLPUOFFPOS0001","id":"257","address":"Bandiramanahalli, Manchenahalli, Gauribidanuru taluk, Chikkaballapura, Karnataka, 561211, India"}},{"type":"Feature","geometry":{"type":"Point","coordinates":[77.7068009999156,13.6705449998318]},"properties":{"name":"Gudibande PS","code":"PS - 184","dept":"169761569","kgis":"29582055976237120000HMPOLPUOFFPOS0001","id":"258","address":"Gudibande, Gudibande taluk, Chikkaballapura, Karnataka, 561209, India"}},{"type":"Feature","geometry":{"type":"Point","coordinates":[77.7924889995652,13.7833130001471]},"properties":{"name":"Bagepalli PS","code":"PS - 185","dept":"169761572","kgis":"29582055988032290000HMPOLPUOFFPOS0001","id":"259","address":"SH5, Kottapalli, Bagepalli, Bagepalli taluk, Chikkaballapura, Karnataka, 561207, India"}},{"type":"Feature","geometry":{"type":"Point","coordinates":[77.9489380002016,13.7562250001231]},"properties":{"name":"Patapalya PS","code":"PS - 186","dept":"169761575","kgis":"29582055986239470000HMPOLPUOFFPOS0001","id":"260","address":"Patakote, Patapalya, Bagepalli taluk, Chikkaballapura, Karnataka, 561212, India"}},{"type":"Feature","geometry":{"type":"Point","coordinates":[78.0968730090421,13.7091713200414]},"properties":{"name":"Chelur PS","code":"PS - 187","dept":"169761576","kgis":"29582055986240150000HMPOLPUOFFPOS0001","id":"261","address":"Daravarapalli, Cheluru, Bagepalli taluk, Chikkaballapura, Karnataka, India"}},{"type":"Feature","geometry":{"type":"Point","coordinates":[78.0537919099131,13.4011696510521]},"properties":{"name":"Chinthamani TownPS","code":"PS - 188","dept":"169760823","kgis":"29582056008032310000HMPOLPUOFFPOS0001","id":"262","address":"Nallaguttahalli, Chintamani, Chintamani taluk, Chikkaballapura, Karnataka, 563128, India"}},{"type":"Feature","geometry":{"type":"Point","coordinates":[78.0673460001327,13.5223000000191]},"properties":{"name":"Kencharlahalli PS","code":"PS - 189","dept":"169760825","kgis":"29582056006243700000HMPOLPUOFFPOS0001","id":"263","address":"Gollahalli, Nandanahosahalli, Chintamani taluk, Chikkaballapura, Karnataka, 563159, India"}},{"type":"Feature","geometry":{"type":"Point","coordinates":[78.1314309165029,13.5820580944041]},"properties":{"name":"Batalahalli PS","code":"PS - 190","dept":"169760827","kgis":"29582056006243920000HMPOLPUOFFPOS0001","id":"264","address":"Battalahalli, Chintamani taluk, Chikkaballapura, Karnataka, 563123, India"}},{"type":"Feature","geometry":{"type":"Point","coordinates":[77.8638899998766,13.3936950001703]},"properties":{"name":"Shidlagatta Town PS","code":"PS - 191","dept":"169760828","kgis":"29582055998032300000HMPOLPUOFFPOS0001","id":"265","address":"Sidlaghatta, Sidlaghatta taluk, Chikkaballapura, Karnataka, 562105, India"}},{"type":"Feature","geometry":{"type":"Point","coordinates":[77.8637580000442,13.3971290001356]},"properties":{"name":"Shidlagatta Rural PS","code":"PS - 192","dept":"169760829","kgis":"29582055998032300000HMPOLPUOFFPOS0002","id":"266","address":"Sidlaghatta, Sidlaghatta taluk, Chikkaballapura, Karnataka, 562105, India"}},{"type":"Feature","geometry":{"type":"Point","coordinates":[77.8935880873353,13.5673695243896]},"properties":{"name":"Dibburahalli PS","code":"PS - 193","dept":"169760832","kgis":"29582055996240470000HMPOLPUOFFPOS0001","id":"267","address":"SH5, Jaragahalli, Sidlaghatta taluk, Chikkaballapura, Karnataka, 562105, India"}},{"type":"Feature","geometry":{"type":"Point","coordinates":[78.1788199998546,12.985930000209]},"properties":{"name":"Bangarpet PS","code":"PS - 194","dept":"169720227","kgis":"29581055938032230000HMPOLPUOFFPOS0001","id":"268","address":"Bangarapete, Bangarapet taluk, Kolar, Karnataka, 563114, India"}},{"type":"Feature","geometry":{"type":"Point","coordinates":[78.3333199996323,13.0082299996789]},"properties":{"name":"Bethamangala PS","code":"PS - 195","dept":"169720228","kgis":"29581055936228430000HMPOLPUOFFPOS0001","id":"269","address":"Kotthuru, Bethamangala, Kolar Gold Field taluk, Kolar, Karnataka, 563116, India"}},{"type":"Feature","geometry":{"type":"Point","coordinates":[78.1959899995622,12.8632300000266]},"properties":{"name":"Kamasamudram PS","code":"PS - 196","dept":"169720229","kgis":"29581055936226110000HMPOLPUOFFPOS0001","id":"270","address":"Narinatta, Bangarapet taluk, Kolar, Karnataka, 563129, India"}},{"type":"Feature","geometry":{"type":"Point","coordinates":[78.2659099999984,12.9271200003037]},"properties":{"name":"Marikuppam PS","code":"PS - 198","dept":"169720224","kgis":"29581055938032240000HMPOLPUOFFPOS0002","id":"271","address":"Gonamakanahalli, Kolar Gold Field taluk, Kolar, Karnataka, 562113, India"}},{"type":"Feature","geometry":{"type":"Point","coordinates":[78.2366999996363,12.9808200004054]},"properties":{"name":"BEML Nagar PS","code":"PS - 199","dept":"169720215","kgis":"29581055938032240000HMPOLPUOFFPOS0003","id":"272","address":"Kattihalli, Bangarapet taluk, Kolar, Karnataka, 563115, India"}},{"type":"Feature","geometry":{"type":"Point","coordinates":[78.2646500000931,12.9524700000947]},"properties":{"name":"Oorgaum PS","code":"PS - 200","dept":"169720214","kgis":"29581055938032240000HMPOLPUOFFPOS0004","id":"273","address":"Andersonpet, Bangarapet taluk, Kolar, Karnataka, 563122, India"}},{"type":"Feature","geometry":{"type":"Point","coordinates":[78.2702600003173,12.9342199996651]},"properties":{"name":"Andersonpet PS","code":"PS - 201","dept":"169720219","kgis":"29581055938032240000HMPOLPUOFFPOS0005","id":"274","address":"Gonamakanahalli, Kolar Gold Field taluk, Kolar, Karnataka, 562113, India"}},{"type":"Feature","geometry":{"type":"Point","coordinates":[78.2715499997401,12.9575599999641]},"properties":{"name":"Robertsonpet PS","code":"PS - 202","dept":"169720218","kgis":"29581055938032240000HMPOLPUOFFPOS0006","id":"275","address":"Avenue Road, Robertsonpet, Kolar Gold Fields, Kolar Gold Field taluk, Kolar, Karnataka, 563115, India"}},{"type":"Feature","geometry":{"type":"Point","coordinates":[78.1369209999873,13.1416651001156]},"properties":{"name":"Kolar Rural PS","code":"PS - 206","dept":"164570809","kgis":"29581055918032210000HMPOLPUOFFPOS0003","id":"276","address":"SH5, Gandhinagara, Kolar, Kolar taluk, Kolar, Karnataka, 563101, India"}},{"type":"Feature","geometry":{"type":"Point","coordinates":[78.0171330002751,13.1919040000472]},"properties":{"name":"Vemagal PS","code":"PS - 208","dept":"164570810","kgis":"29581055916217980000HMPOLPUOFFPOS0001","id":"277","address":"Kolar Chikballapura Road, Vemagal, Kolar taluk, Kolar, Karnataka, 563157, India"}},{"type":"Feature","geometry":{"type":"Point","coordinates":[78.1309520001212,13.1456700002333]},"properties":{"name":"Gulpet PS","code":"PS - 210","dept":"164570806","kgis":"29581055918032210000HMPOLPUOFFPOS0004","id":"278","address":"Khadripura, Kolar, Kolar taluk, Kolar, Karnataka, 563101, India"}},{"type":"Feature","geometry":{"type":"Point","coordinates":[78.1335160003616,13.1315239997491]},"properties":{"name":"Kolar Town PS","code":"PS - 211","dept":"164570805","kgis":"29581055918032210000HMPOLPUOFFPOS0005","id":"279","address":"Harohalli, Kolar, Kolar taluk, Kolar, Karnataka, 563101, India"}},{"type":"Feature","geometry":{"type":"Point","coordinates":[77.9979739998673,12.8730519997924]},"properties":{"name":"Masti PS","code":"PS - 214","dept":"164570814","kgis":"29581055926223400000HMPOLPUOFFPOS0001","id":"280","address":"SH99, Bandahatti, Masti, Maluru taluk, Kolar, Karnataka, 563139, India"}},{"type":"Feature","geometry":{"type":"Point","coordinates":[78.425844000444,13.0583230000817]},"properties":{"name":"Mulbagal Rural PS","code":"PS - 216","dept":"164572168","kgis":"29581055946231750000HMPOLPUOFFPOS0001","id":"281","address":"Tayaluru, Mulubagilu taluk, Kolar, Karnataka, India"}},{"type":"Feature","geometry":{"type":"Point","coordinates":[78.3930339995701,13.1683960003551]},"properties":{"name":"Mulbagal Town PS","code":"PS - 218","dept":"164570815","kgis":"29581055948032250000HMPOLPUOFFPOS0001","id":"282","address":"Ramasamudram - Mulbagal Road, Vittalapura, Mulabagilu, Mulubagilu taluk, Kolar, Karnataka, 563131, India"}},{"type":"Feature","geometry":{"type":"Point","coordinates":[78.5371799999405,13.194227999904]},"properties":{"name":"Nangli PS","code":"PS - 219","dept":"164570816","kgis":"29581055946230930000HMPOLPUOFFPOS0001","id":"283","address":"Mudigere, Mulubagilu taluk, Kolar, Karnataka, India"}},{"type":"Feature","geometry":{"type":"Point","coordinates":[78.2256250002043,13.5112280003705]},"properties":{"name":"Gownapalli PS","code":"PS - 221","dept":"164570820","kgis":"29581055906214450000HMPOLPUOFFPOS0001","id":"284","address":"SH99, Kappalli, Srinivasapura taluku, Kolar, Karnataka, 563161, India"}},{"type":"Feature","geometry":{"type":"Point","coordinates":[78.3451929996066,13.5310470000497]},"properties":{"name":"Rayalpad PS","code":"PS - 222","dept":"164570819","kgis":"29581055906214340000HMPOLPUOFFPOS0001","id":"285","address":"Addagallu Road, Rayalpadu, Srinivasapura taluku, Kolar, Karnataka, India"}},{"type":"Feature","geometry":{"type":"Point","coordinates":[78.2126809999763,13.3412210002109]},"properties":{"name":"Srinivasapura PS","code":"PS - 223","dept":"164570818","kgis":"29581055906216420000HMPOLPUOFFPOS0001","id":"286","address":"Peddanachapali, Srinivaspur, Srinivasapura taluku, Kolar, Karnataka, 563135, India"}},{"type":"Feature","geometry":{"type":"Point","coordinates":[77.2895049996422,12.7126049999478]},"properties":{"name":"Akkur PS","code":"PS - 225","dept":"169770286","kgis":"29584056066260870000HMPOLPUOFFPOS0001","id":"287","address":"Ramanagara, Ramanagara taluk, Bengaluru South, Karnataka, 571511, India"}},{"type":"Feature","geometry":{"type":"Point","coordinates":[77.3847750000391,12.800368999628]},"properties":{"name":"Bidadi PS","code":"PS - 226","dept":"169771345","kgis":"29584056066261860000HMPOLPUOFFPOS0001","id":"288","address":"Bidadi, Ramanagara taluk, Bengaluru South, Karnataka, 562109, India"}},{"type":"Feature","geometry":{"type":"Point","coordinates":[77.2168790004333,12.6640080000007]},"properties":{"name":"Channapatna East PS","code":"PS - 228","dept":"169770281","kgis":"29584056076262500000HMPOLPUOFFPOS0001","id":"289","address":"Bengaluru - Mysuru Road, Channapattana, Channapattana taluk, Bengaluru South, Karnataka, 571500, India"}},{"type":"Feature","geometry":{"type":"Point","coordinates":[77.2166819996141,12.6636369996537]},"properties":{"name":"Channapatna Rural PS","code":"PS - 229","dept":"169770284","kgis":"29584056076262500000HMPOLPUOFFPOS0002","id":"290","address":"Bengaluru - Mysuru Road, Channapattana, Channapattana taluk, Bengaluru South, Karnataka, 571500, India"}},{"type":"Feature","geometry":{"type":"Point","coordinates":[77.200354000457,12.6538640002458]},"properties":{"name":"Channapatna Town PS","code":"PS - 230","dept":"169770280","kgis":"29584056076262580000HMPOLPUOFFPOS0001","id":"291","address":"Bengaluru - Mysuru Road, Kote, Channapattana, Channapattana taluk, Bengaluru South, Karnataka, 571500, India"}},{"type":"Feature","geometry":{"type":"Point","coordinates":[77.4696739995781,12.6815559997464]},"properties":{"name":"Harohalli PS","code":"PS - 232","dept":"169771346","kgis":"29584056086263550000HMPOLPUOFFPOS0001","id":"292","address":"Harohalli, Harohalli taluk, Bengaluru South, Karnataka, 562112, India"}},{"type":"Feature","geometry":{"type":"Point","coordinates":[77.2851500001297,12.7297699997983]},"properties":{"name":"Ijoor PS","code":"PS - 233","dept":"169771342","kgis":"29584056068032380000HMPOLPUOFFPOS0001","id":"293","address":"Ramanagara, Ramanagara taluk, Bengaluru South, Karnataka, 571511, India"}},{"type":"Feature","geometry":{"type":"Point","coordinates":[77.5100820000121,12.7995459998704]},"properties":{"name":"Kaggalipura PS","code":"PS - 234","dept":"169771937","kgis":"29572055436130420000HMPOLPUOFFPOS0001","id":"294","address":"Kaggalipura, Bangalore South, Bengaluru Urban, Karnataka, 560116, India"}},{"type":"Feature","geometry":{"type":"Point","coordinates":[75.775461542016,13.3206493591515]},"properties":{"name":"Chikkamagalur Women PS","code":"PS - 231","dept":"164482206","kgis":"29570055308031490000HMPOLPUOFFPOS0001","id":"295","address":"Basavannahalli, Chikkamagaluru, Chikkamagaluru taluku, Chikkamagaluru, Karnataka, 577101, India"}},{"type":"Feature","geometry":{"type":"Point","coordinates":[75.3397154522091,13.7289753620207]},"properties":{"name":"Malur PS","code":"PS - 860","dept":"164621011","kgis":"29568055196081620000HMPOLPUOFFPOS0001","id":"296","address":"Maluru, Bejjavalli, Tirthahalli taluk, Shimoga, Karnataka, 577211, India"}},{"type":"Feature","geometry":{"type":"Point","coordinates":[76.1482294667381,13.6127814142827]},"properties":{"name":"Yagati PS","code":"PS - 883","dept":"164480469","kgis":"29570055296094570000HMPOLPUOFFPOS0001","id":"297","address":"Hochihalli, Kaduru taluk, Chikkamagaluru, Karnataka, 577140, India"}},{"type":"Feature","geometry":{"type":"Point","coordinates":[75.3965820004141,14.7930349998798]},"properties":{"name":"Haveri Town PS","code":"PS - 328","dept":"164390136","kgis":"29564054928031040000HMPOLPUOFFPOS0003","id":"298","address":"Haveri, Haveri taluku, Haveri, Karnataka, 581110, India"}},{"type":"Feature","geometry":{"type":"Point","coordinates":[75.3687599995934,14.5699749998053]},"properties":{"name":"Hansabhavi PS","code":"PS - 329","dept":"164390151","kgis":"29564054946043550000HMPOLPUOFFPOS0001","id":"299","address":"SH62, Hamsabhavi, Hirekeruru taluk, Haveri, Karnataka, 581109, India"}},{"type":"Feature","geometry":{"type":"Point","coordinates":[75.3929320000379,14.4559809996898]},"properties":{"name":"Hirekerur PS","code":"PS - 330","dept":"164390150","kgis":"29564054948031060000HMPOLPUOFFPOS0001","id":"300","address":"Hirekeruru, Hirekeruru taluk, Haveri, Karnataka, 581111, India"}},{"type":"Feature","geometry":{"type":"Point","coordinates":[75.5076609999086,14.4271229997471]},"properties":{"name":"Rattihalli PS","code":"PS - 331","dept":"164390154","kgis":"29564054946044380000HMPOLPUOFFPOS0001","id":"301","address":"Malagi, Rattihalli, Rattihalli taluk, Haveri, Karnataka, 581116, India"}},{"type":"Feature","geometry":{"type":"Point","coordinates":[75.605668999609,14.5534670003211]},"properties":{"name":"Halageri PS","code":"PS - 332","dept":"164390147","kgis":"29564054956045450000HMPOLPUOFFPOS0001","id":"302","address":"Halageri, Ranebennuru taluk, Haveri, Karnataka, India"}},{"type":"Feature","geometry":{"type":"Point","coordinates":[75.7863780001973,14.5209059996503]},"properties":{"name":"Kumarapattanam PS","code":"PS - 333","dept":"164390149","kgis":"29564054956045830000HMPOLPUOFFPOS0001","id":"303","address":"GRASIM Staff Colony, Kumarapattana, Ranebennuru taluk, Haveri, Karnataka, 581123, India"}},{"type":"Feature","geometry":{"type":"Point","coordinates":[75.6250450001331,14.6204809997602]},"properties":{"name":"Ranebennur Rural PS","code":"PS - 334","dept":"164390146","kgis":"29564054958031070000HMPOLPUOFFPOS0001","id":"304","address":"Pune Bengaluru Road, Ranebennur, Ranebennuru taluk, Haveri, Karnataka, 581115, India"}},{"type":"Feature","geometry":{"type":"Point","coordinates":[75.6355539998471,14.6215349998273]},"properties":{"name":"Ranebennur Town PS","code":"PS - 335","dept":"164390142","kgis":"29564054958031070000HMPOLPUOFFPOS0002","id":"305","address":"Ranebennur, Ranebennuru taluk, Haveri, Karnataka, 581115, India"}},{"type":"Feature","geometry":{"type":"Point","coordinates":[75.2509050002656,14.7735429997198]},"properties":{"name":"Adur PS","code":"PS - 336","dept":"164390160","kgis":"29564054916041400000HMPOLPUOFFPOS0001","id":"306","address":"Sirsi - Haveri Highway, Aduru, Hanagal taluk, Haveri, Karnataka, 581101, India"}},{"type":"Feature","geometry":{"type":"Point","coordinates":[75.1247060000977,14.7721040004333]},"properties":{"name":"Hanagal PS","code":"PS - 337","dept":"164390159","kgis":"29564054918031030000HMPOLPUOFFPOS0001","id":"307","address":"Vivekananda Nagar, Hanagalla, Hanagal taluk, Haveri, Karnataka, 581104, India"}},{"type":"Feature","geometry":{"type":"Point","coordinates":[75.337762000326,14.9774270003781]},"properties":{"name":"Savanoor PS","code":"PS - 338","dept":"164390158","kgis":"29564054908031020000HMPOLPUOFFPOS0001","id":"308","address":"Roads, Savanuru, Savanura taluk, Haveri, Karnataka, 581118, India"}},{"type":"Feature","geometry":{"type":"Point","coordinates":[75.2700669998461,14.9147049998035]},"properties":{"name":"Bankapura PS","code":"PS - 339","dept":"164391931","kgis":"29564054898031010000HMPOLPUOFFPOS0001","id":"309","address":"Bankapura, Shiggaon taluk, Haveri, Karnataka, 581202, India"}},{"type":"Feature","geometry":{"type":"Point","coordinates":[75.2264729998747,14.9893919999285]},"properties":{"name":"Shiggaon PS","code":"PS - 340","dept":"164390155","kgis":"29564054898031000000HMPOLPUOFFPOS0001","id":"310","address":"Shiggaon, Shiggaon taluk, Haveri, Karnataka, 581205, India"}},{"type":"Feature","geometry":{"type":"Point","coordinates":[77.3572381026542,17.191918944577]},"properties":{"name":"Kurakunta PS","code":"PS - 398","dept":"164541586","kgis":"29579055846205880000HMPOLPUOFFPOS0001","id":"311","address":"Kurakunta, Sedam taluku, Kalaburagi, Karnataka, India"}},{"type":"Feature","geometry":{"type":"Point","coordinates":[77.1610946198291,17.1951928087024]},"properties":{"name":"Malkhed PS","code":"PS - 399","dept":"164541588","kgis":"29579055846204950000HMPOLPUOFFPOS0001","id":"312","address":"Malakheda, Sedam taluku, Kalaburagi, Karnataka, 585317, India"}},{"type":"Feature","geometry":{"type":"Point","coordinates":[77.285180000018,17.1798499998816]},"properties":{"name":"Sedam PS","code":"PS - 400","dept":"164541585","kgis":"29579055848032090000HMPOLPUOFFPOS0001","id":"313","address":"Sedam, Sedam taluku, Kalaburagi, Karnataka, 585222, India"}},{"type":"Feature","geometry":{"type":"Point","coordinates":[77.1067999999647,17.451700000228]},"properties":{"name":"Ratkal PS","code":"PS - 401","dept":"164541583","kgis":"29579055836204270000HMPOLPUOFFPOS0001","id":"314","address":"Ratakala, Kalagi taluku, Kalaburagi, Karnataka, 585322, India"}},{"type":"Feature","geometry":{"type":"Point","coordinates":[77.3403333331155,17.4026666674397]},"properties":{"name":"Sulepet PS","code":"PS - 402","dept":"164541582","kgis":"29579055836204380000HMPOLPUOFFPOS0001","id":"315","address":"Sulapeta, Chincholi taluku, Kalaburagi, Karnataka, 585324, India"}},{"type":"Feature","geometry":{"type":"Point","coordinates":[76.8155555558063,17.3223333326348]},"properties":{"name":"Ashoknagar PS","code":"PS - 403","dept":"169850687","kgis":"29579055828032070000HMPOLPUOFFPOS0001","id":"316","address":"Hirapura, Kalaburagi, Kalaburagi taluku, Kalaburagi, Karnataka, 585101, India"}},{"type":"Feature","geometry":{"type":"Point","coordinates":[76.8378589999124,17.3384080003502]},"properties":{"name":"Brahmapur PS","code":"PS - 404","dept":"169850688","kgis":"29579055828032070000HMPOLPUOFFPOS0002","id":"317","address":"Rauza, Kalaburagi, Kalaburagi taluku, Kalaburagi, Karnataka, 585101, India"}},{"type":"Feature","geometry":{"type":"Point","coordinates":[76.8367300003187,17.3281260002712]},"properties":{"name":"Kalaburagi Women PS","code":"PS - 405","dept":"164541561","kgis":"29579055828032070000HMPOLPUOFFPOS0003","id":"318","address":"Rajapura, Kalaburagi, Kalaburagi taluku, Kalaburagi, Karnataka, 585101, India"}},{"type":"Feature","geometry":{"type":"Point","coordinates":[76.8180720002851,17.3372689999503]},"properties":{"name":"Ragavendra nagar PS","code":"PS - 406","dept":"169851557","kgis":"29579055828032070000HMPOLPUOFFPOS0004","id":"319","address":"Hirapura, Kalaburagi, Kalaburagi taluku, Kalaburagi, Karnataka, 585101, India"}},{"type":"Feature","geometry":{"type":"Point","coordinates":[76.8258684998396,17.3168455002079]},"properties":{"name":"Station Bazar PS","code":"PS - 407","dept":"169850686","kgis":"29579055828032070000HMPOLPUOFFPOS0005","id":"320","address":"Station Road, Kalaburagi, Kalaburagi taluku, Kalaburagi, Karnataka, 585101, India"}},{"type":"Feature","geometry":{"type":"Point","coordinates":[76.8518299998414,17.3459640000262]},"properties":{"name":"Roza PS","code":"PS - 408","dept":"169850696","kgis":"29579055828032070000HMPOLPUOFFPOS0006","id":"321","address":"Rauza, Kalaburagi, Kalaburagi taluku, Kalaburagi, Karnataka, 585101, India"}},{"type":"Feature","geometry":{"type":"Point","coordinates":[76.840316667452,17.3519000003488]},"properties":{"name":"Sub Urban PS","code":"PS - 409","dept":"169850708","kgis":"29579055828032070000HMPOLPUOFFPOS0007","id":"322","address":"Rauza, Kalaburagi, Kalaburagi taluku, Kalaburagi, Karnataka, 585101, India"}},{"type":"Feature","geometry":{"type":"Point","coordinates":[76.9414999997523,17.5191666671176]},"properties":{"name":"Mahagoan PS","code":"PS - 410","dept":"164540709","kgis":"29579055826202070000HMPOLPUOFFPOS0001","id":"323","address":"Mahagaon Cross, Kamalapura Taluku, Kalaburagi, Karnataka, 585316, India"}},{"type":"Feature","geometry":{"type":"Point","coordinates":[76.6640019996344,12.3348370001307]},"properties":{"name":"Narasimharaja PS","code":"PS - 452","dept":"169730041","kgis":"29577055728031940000HMPOLPUOFFPOS0015","id":"324","address":"Narasimharaja Mohalla, Mysuru, Mysuru taluk, Mysuru District, Karnataka, 570001, India"}},{"type":"Feature","geometry":{"type":"Point","coordinates":[76.6328360000982,12.3261190002503]},"properties":{"name":"V.V. Puram PS","code":"PS - 453","dept":"169730044","kgis":"29577055728031940000HMPOLPUOFFPOS0016","id":"325","address":"1st Main Road, Gokulam, Mysuru, Mysuru taluk, Mysuru District, Karnataka, 570001, India"}},{"type":"Feature","geometry":{"type":"Point","coordinates":[76.6016359995834,12.3368890004213]},"properties":{"name":"Vijayanagar PS","code":"PS - 454","dept":"169730045","kgis":"29577055726188290000HMPOLPUOFFPOS0002","id":"326","address":"6th Cross Road, Hinkal, Mysuru, Mysuru taluk, Mysuru District, Karnataka, 570001, India"}},{"type":"Feature","geometry":{"type":"Point","coordinates":[75.6785770002963,15.9239249999605]},"properties":{"name":"Badami PS","code":"PS - 455","dept":"164701246","kgis":"29556054468030460000HMPOLPUOFFPOS0001","id":"327","address":"Agastya Tirtha, Badami, Badami taluku, Bagalkote, Karnataka, 587200, India"}},{"type":"Feature","geometry":{"type":"Point","coordinates":[75.7741300002249,16.0482199997634]},"properties":{"name":"Guledagudda PS","code":"PS - 456","dept":"164701249","kgis":"29556054465986670000HMPOLPUOFFPOS0001","id":"328","address":"Bahanpur - Gadankeri Highway, Guledagudda, Guledgudda taluku, Bagalkote, Karnataka, 587233, India"}},{"type":"Feature","geometry":{"type":"Point","coordinates":[75.5476549998461,16.0148040000359]},"properties":{"name":"Kerur PS","code":"PS - 457","dept":"164701247","kgis":"29556054468030450000HMPOLPUOFFPOS0001","id":"329","address":"Keruru, Badami taluku, Bagalkote, Karnataka, India"}},{"type":"Feature","geometry":{"type":"Point","coordinates":[75.6924640003567,16.1810079997981]},"properties":{"name":"Bagalkot Rural PS","code":"PS - 458","dept":"164701238","kgis":"29556054478030480000HMPOLPUOFFPOS0001","id":"330","address":"Vidyagiri, Bagalkote, Bagalakote taluk, Bagalkote, Karnataka, 587103, India"}},{"type":"Feature","geometry":{"type":"Point","coordinates":[75.4973190001042,16.206481999764]},"properties":{"name":"Kaladagi PS","code":"PS - 459","dept":"164701240","kgis":"29556054475987740000HMPOLPUOFFPOS0001","id":"331","address":"SH53, Kaladagi, Bagalakote taluk, Bagalkote, Karnataka, 587204, India"}},{"type":"Feature","geometry":{"type":"Point","coordinates":[75.661539999842,16.1590699995552]},"properties":{"name":"Navanagara PS","code":"PS - 460","dept":"164701888","kgis":"29556054475988620000HMPOLPUOFFPOS0001","id":"332","address":"Navanagara, Bagalkote, Bagalakote taluk, Bagalkote, Karnataka, 587103, India"}},{"type":"Feature","geometry":{"type":"Point","coordinates":[75.1085099997695,16.402139999676]},"properties":{"name":"Mahalingapur PS","code":"PS - 471","dept":"164701258","kgis":"29556054458030390000HMPOLPUOFFPOS0001","id":"333","address":"Mahalingapura, Rabakavi Banahatti taluku, Bagalkote, Karnataka, 587312, India"}},{"type":"Feature","geometry":{"type":"Point","coordinates":[75.2849799999859,16.3299099999239]},"properties":{"name":"Mudhol PS","code":"PS - 472","dept":"164701255","kgis":"29556054455985720000HMPOLPUOFFPOS0001","id":"334","address":"Mudhol, Mudhola taluku, Bagalkote, Karnataka, 587313, India"}},{"type":"Feature","geometry":{"type":"Point","coordinates":[74.7167199998821,16.6959899998383]},"properties":{"name":"Kagawad PS","code":"PS - 473","dept":"164441486","kgis":"29555054345972760000HMPOLPUOFFPOS0001","id":"335","address":"NH548B, Kagawada, Kagawada taluku, Belagavi, Karnataka, 591223, India"}},{"type":"Feature","geometry":{"type":"Point","coordinates":[75.249869999662,16.7794599996093]},"properties":{"name":"Aigali PS","code":"PS - 474","dept":"164441487","kgis":"29555054345973300000HMPOLPUOFFPOS0001","id":"336","address":"Aigali, Athani taluku, Belagavi, Karnataka, 591248, India"}},{"type":"Feature","geometry":{"type":"Point","coordinates":[74.7702269650968,16.4923112815444]},"properties":{"name":"Raibag PS","code":"PS - 475","dept":"164441483","kgis":"29555054358030260000HMPOLPUOFFPOS0001","id":"337","address":"Rayabag, Raybag taluk, Belagavi, Karnataka, 591317, India"}},{"type":"Feature","geometry":{"type":"Point","coordinates":[74.8545299996688,16.6244499999013]},"properties":{"name":"Kudachi PS","code":"PS - 476","dept":"164441484","kgis":"29555054355973830000HMPOLPUOFFPOS0001","id":"338","address":"Kudachi, Raybag taluk, Belagavi, Karnataka, 591311, India"}},{"type":"Feature","geometry":{"type":"Point","coordinates":[74.9494329003037,16.5158556999823]},"properties":{"name":"Harugeri PS","code":"PS - 477","dept":"164442126","kgis":"29555054355973920000HMPOLPUOFFPOS0001","id":"339","address":"Harugeri, Raybag taluk, Belagavi, Karnataka, 591220, India"}},{"type":"Feature","geometry":{"type":"Point","coordinates":[74.8629139995728,15.8184370002436]},"properties":{"name":"Bailhongal PS","code":"PS - 478","dept":"164441464","kgis":"29555054408030360000HMPOLPUOFFPOS0001","id":"340","address":"SH 103, Hosur, Bailahongala taluku, Belagavi, Karnataka, 591111, India"}},{"type":"Feature","geometry":{"type":"Point","coordinates":[74.7773165105562,15.9056305303844]},"properties":{"name":"Nesargi PS","code":"PS - 479","dept":"164441465","kgis":"29555054405980250000HMPOLPUOFFPOS0001","id":"341","address":"SH31, Nesaragi, Bailahongala taluku, Belagavi, Karnataka, 591121, India"}},{"type":"Feature","geometry":{"type":"Point","coordinates":[74.5055582233609,15.6363011796796]},"properties":{"name":"Khanapur PS","code":"PS - 480","dept":"164440314","kgis":"29555054398030350000HMPOLPUOFFPOS0001","id":"342","address":"Khanapur, Khanapura taluku, Belagavi, Karnataka, 591302, India"}},{"type":"Feature","geometry":{"type":"Point","coordinates":[74.5763650000587,15.5799300004464]},"properties":{"name":"Nandagad PS","code":"PS - 481","dept":"164440315","kgis":"29555054395980210000HMPOLPUOFFPOS0001","id":"343","address":"Kasba Nadgad, Nandagada, Khanapura taluku, Belagavi, Karnataka, 591120, India"}},{"type":"Feature","geometry":{"type":"Point","coordinates":[74.9596999995475,15.6790689999975]},"properties":{"name":"Doddawad PS","code":"PS - 482","dept":"164441467","kgis":"29555054405981530000HMPOLPUOFFPOS0001","id":"344","address":"SH1, Doddavada, Bailahongala taluku, Belagavi, Karnataka, 591184, India"}},{"type":"Feature","geometry":{"type":"Point","coordinates":[74.7880261093551,15.5998461090257]},"properties":{"name":"Kittur PS","code":"PS - 483","dept":"164441466","kgis":"29555054405981100000HMPOLPUOFFPOS0001","id":"345","address":"SH56, Kitturu, Kitturu taluku, Belagavi, Karnataka, 591115, India"}},{"type":"Feature","geometry":{"type":"Point","coordinates":[74.6702752823781,16.5400475269284]},"properties":{"name":"Ankali PS","code":"PS - 484","dept":"164442011","kgis":"29555054335971860000HMPOLPUOFFPOS0001","id":"346","address":"Ankali, Chikodi taluk, Belagavi, Karnataka, 591213, India"}},{"type":"Feature","geometry":{"type":"Point","coordinates":[74.5767259995559,16.4240310000308]},"properties":{"name":"Chikkodi PS","code":"PS - 485","dept":"164441478","kgis":"29555054338030230000HMPOLPUOFFPOS0001","id":"347","address":"Chikkodi, Chikodi taluk, Belagavi, Karnataka, 591200, India"}},{"type":"Feature","geometry":{"type":"Point","coordinates":[74.5324049998673,16.5497400000191]},"properties":{"name":"Sadalaga PS","code":"PS - 486","dept":"164441479","kgis":"29555054338030220000HMPOLPUOFFPOS0001","id":"348","address":"SH78, Yadanavadi, Chikodi taluk, Belagavi, Karnataka, 591239, India"}},{"type":"Feature","geometry":{"type":"Point","coordinates":[74.3776648175465,16.4104677522245]},"properties":{"name":"Basaweshwar Chowk PS","code":"PS - 487","dept":"164441482","kgis":"29555054338030210000HMPOLPUOFFPOS0001","id":"349","address":"SH72, Nippani, Nippani taluka, Belagavi, Karnataka, 591237, India"}},{"type":"Feature","geometry":{"type":"Point","coordinates":[74.470870000113,16.445990000007]},"properties":{"name":"Khadakalat PS","code":"PS - 488","dept":"164442204","kgis":"29555054335972020000HMPOLPUOFFPOS0001","id":"350","address":"Khadakalata, Chikodi taluk, Belagavi, Karnataka, 591228, India"}},{"type":"Feature","geometry":{"type":"Point","coordinates":[74.3838400000383,16.3942599998908]},"properties":{"name":"Nippani Rural PS","code":"PS - 489","dept":"164441481","kgis":"29555054338030210000HMPOLPUOFFPOS0002","id":"351","address":"Nippani, Nippani taluka, Belagavi, Karnataka, 591237, India"}},{"type":"Feature","geometry":{"type":"Point","coordinates":[74.3838400000383,16.3942599998908]},"properties":{"name":"Nippani Town PS","code":"PS - 490","dept":"164441480","kgis":"29555054338030210000HMPOLPUOFFPOS0003","id":"352","address":"Nippani, Nippani taluka, Belagavi, Karnataka, 591237, India"}},{"type":"Feature","geometry":{"type":"Point","coordinates":[74.8103599997942,16.1626710003463]},"properties":{"name":"Gokak Rural PS","code":"PS - 491","dept":"164440319","kgis":"29555054365974580000HMPOLPUOFFPOS0001","id":"353","address":"SH134, Gokak, Gokak taluku, Belagavi, Karnataka, 591307, India"}},{"type":"Feature","geometry":{"type":"Point","coordinates":[74.8209419994804,16.1678099999201]},"properties":{"name":"Gokak Town PS","code":"PS - 492","dept":"164440323","kgis":"29555054365974580000HMPOLPUOFFPOS0002","id":"354","address":"Gokak, Gokak taluku, Belagavi, Karnataka, 591307, India"}},{"type":"Feature","geometry":{"type":"Point","coordinates":[74.6051999999479,16.237519999851]},"properties":{"name":"Hukkeri PS","code":"PS - 493","dept":"164441461","kgis":"29555054378030320000HMPOLPUOFFPOS0001","id":"355","address":"SH44, Rakshi, Hukkeri taluk, Belagavi, Karnataka, 591309, India"}},{"type":"Feature","geometry":{"type":"Point","coordinates":[74.4877748480344,16.2546724238285]},"properties":{"name":"Sankeshwar PS","code":"PS - 494","dept":"164441462","kgis":"29555054378030310000HMPOLPUOFFPOS0001","id":"356","address":"Bhimnagar, Sankeshwara, Hukkeri taluk, Belagavi, Karnataka, 591313, India"}},{"type":"Feature","geometry":{"type":"Point","coordinates":[74.5160825813542,16.1287042171331]},"properties":{"name":"Yamakanmardi PS","code":"PS - 495","dept":"164441463","kgis":"29555054375976260000HMPOLPUOFFPOS0001","id":"357","address":"Hattharagi, Hukkeri taluk, Belagavi, Karnataka, 591246, India"}},{"type":"Feature","geometry":{"type":"Point","coordinates":[74.7657475336946,16.2365737446017]},"properties":{"name":"Ghataprabha PS","code":"PS - 496","dept":"164441460","kgis":"29555054365974350000HMPOLPUOFFPOS0001","id":"358","address":"SH44, Jhangatihala, Gokak taluku, Belagavi, Karnataka, 591305, India"}},{"type":"Feature","geometry":{"type":"Point","coordinates":[75.0464030000223,16.2446380001785]},"properties":{"name":"Kulgod PS","code":"PS - 497","dept":"164441459","kgis":"29555054365975190000HMPOLPUOFFPOS0001","id":"359","address":"SH44, Timmapura, Kulagoda, Mudalagi taluku, Belagavi, Karnataka, 591250, India"}},{"type":"Feature","geometry":{"type":"Point","coordinates":[74.9641909998838,16.3374370001193]},"properties":{"name":"Mudalgi PS","code":"PS - 498","dept":"164441458","kgis":"29555054368030270000HMPOLPUOFFPOS0001","id":"360","address":"Mudalagi, Mudalagi taluku, Belagavi, Karnataka, 591312, India"}},{"type":"Feature","geometry":{"type":"Point","coordinates":[75.801103000425,12.1930489996655]},"properties":{"name":"Virajpet Rural PS","code":"PS - 612","dept":"164510579","kgis":"29576055686180050000HMPOLPUOFFPOS0002","id":"361","address":"SH91, Betoli, Virajpet taluk, Kodagu, Karnataka, India"}},{"type":"Feature","geometry":{"type":"Point","coordinates":[77.2283610003245,12.4274999996901]},"properties":{"name":"Halagur PS","code":"PS - 615","dept":"164580876","kgis":"29573055526147750000HMPOLPUOFFPOS0001","id":"362","address":"SH94, Guruvinapura, Malavalli taluk, Mandya, Karnataka, India"}},{"type":"Feature","geometry":{"type":"Point","coordinates":[77.035163999984,12.4893079996013]},"properties":{"name":"K.M. Doddi PS","code":"PS - 616","dept":"164580875","kgis":"29573055516146210000HMPOLPUOFFPOS0001","id":"363","address":"Bharathinagara, Madduru taluk, Mandya, Karnataka, 571422, India"}},{"type":"Feature","geometry":{"type":"Point","coordinates":[77.0060279998678,12.63613900021]},"properties":{"name":"Besagaraghalli PS","code":"PS - 617","dept":"164581617","kgis":"29573055516145310000HMPOLPUOFFPOS0001","id":"364","address":"Besagarahalli, Madduru taluk, Mandya, Karnataka, 571419, India"}},{"type":"Feature","geometry":{"type":"Point","coordinates":[77.0607779999788,12.6916940003488]},"properties":{"name":"Kesthur PS","code":"PS - 618","dept":"164581618","kgis":"29573055516145520000HMPOLPUOFFPOS0001","id":"365","address":"Kesturu, Madduru taluk, Mandya, Karnataka, 571476, India"}},{"type":"Feature","geometry":{"type":"Point","coordinates":[76.9572330004139,12.7076889998692]},"properties":{"name":"Koppa PS","code":"PS - 619","dept":"164581619","kgis":"29573055516145120000HMPOLPUOFFPOS0001","id":"366","address":"Chikkadoddi, Madduru taluk, Mandya, Karnataka, 571425, India"}},{"type":"Feature","geometry":{"type":"Point","coordinates":[77.0413810003754,12.5877859997341]},"properties":{"name":"Maddur PS","code":"PS - 620","dept":"164580877","kgis":"29573055518031690000HMPOLPUOFFPOS0001","id":"367","address":"Maddur, Madduru taluk, Mandya, Karnataka, 571428, India"}},{"type":"Feature","geometry":{"type":"Point","coordinates":[77.1226469996849,12.2566390004105]},"properties":{"name":"Belakavadi PS","code":"PS - 621","dept":"164580873","kgis":"29573055526148070000HMPOLPUOFFPOS0001","id":"368","address":"T. Narasipura - Belakೋvadi Road, Belakawadi, Malavalli taluk, Mandya, Karnataka, 571417, India"}},{"type":"Feature","geometry":{"type":"Point","coordinates":[76.9451390003695,12.3584720001596]},"properties":{"name":"Kirugavalu PS","code":"PS - 622","dept":"164580872","kgis":"29573055526146800000HMPOLPUOFFPOS0001","id":"369","address":"SH33, Samshettipura, Uppanahalli, Malavalli taluk, Mandya, Karnataka, 571424, India"}},{"type":"Feature","geometry":{"type":"Point","coordinates":[77.0602780001994,12.3836419995713]},"properties":{"name":"Malavalli Rural PS","code":"PS - 623","dept":"164580871","kgis":"29573055528031700000HMPOLPUOFFPOS0001","id":"370","address":"Malavalli, Malavalli taluk, Mandya, Karnataka, 571430, India"}},{"type":"Feature","geometry":{"type":"Point","coordinates":[77.0604439997954,12.3835279995756]},"properties":{"name":"Malavalli Town PS","code":"PS - 624","dept":"164580868","kgis":"29573055528031700000HMPOLPUOFFPOS0002","id":"371","address":"Malavalli, Malavalli taluk, Mandya, Karnataka, 571430, India"}},{"type":"Feature","geometry":{"type":"Point","coordinates":[76.8172530001449,12.7058440002913]},"properties":{"name":"Basaralu PS","code":"PS - 625","dept":"164580859","kgis":"29573055506143490000HMPOLPUOFFPOS0001","id":"372","address":"Manuganahalli, Basaralu, Mandya taluk, Mandya, Karnataka, 571416, India"}},{"type":"Feature","geometry":{"type":"Point","coordinates":[76.9170280004013,12.6428610000569]},"properties":{"name":"Keragodu PS","code":"PS - 626","dept":"164580863","kgis":"29573055506143670000HMPOLPUOFFPOS0001","id":"373","address":"SH84, Ankannana Doddi, Mandya taluk, Mandya, Karnataka, 571428, India"}},{"type":"Feature","geometry":{"type":"Point","coordinates":[76.8844669996257,12.5194780001939]},"properties":{"name":"Mandya Rural PS","code":"PS - 627","dept":"164580858","kgis":"29573055508031680000HMPOLPUOFFPOS0001","id":"374","address":"Police Station Road, Mandya, Mandya taluk, Mandya, Karnataka, 571401, India"}},{"type":"Feature","geometry":{"type":"Point","coordinates":[76.82389700023,12.5857060003029]},"properties":{"name":"Shivalli PS","code":"PS - 628","dept":"164580862","kgis":"29573055506144270000HMPOLPUOFFPOS0001","id":"375","address":"SH47, Shivalli, Mandya taluk, Mandya, Karnataka, 571405, India"}},{"type":"Feature","geometry":{"type":"Point","coordinates":[76.8851440004404,12.5230370001354]},"properties":{"name":"Mandya Central PS","code":"PS - 629","dept":"164582161","kgis":"29573055508031680000HMPOLPUOFFPOS0002","id":"376","address":"Mandya, Mandya taluk, Mandya, Karnataka, 571401, India"}},{"type":"Feature","geometry":{"type":"Point","coordinates":[76.9007719999159,12.5284580000163]},"properties":{"name":"Mandya East PS","code":"PS - 630","dept":"164580854","kgis":"29573055508031680000HMPOLPUOFFPOS0003","id":"377","address":"Bangalore-Mysore Road, MIMS doctors quarters, Mandya, Mandya taluk, Mandya, Karnataka, 571401, India"}},{"type":"Feature","geometry":{"type":"Point","coordinates":[76.8907220000759,12.526693999669]},"properties":{"name":"Mandya West PS","code":"PS - 631","dept":"164580855","kgis":"29573055508031680000HMPOLPUOFFPOS0004","id":"378","address":"Bannur Main Road, MIMS doctors quarters, Mandya, Mandya taluk, Mandya, Karnataka, 571401, India"}},{"type":"Feature","geometry":{"type":"Point","coordinates":[76.9007719999159,12.5284580000163]},"properties":{"name":"Mandya Women PS","code":"PS - 632","dept":"164582162","kgis":"29573055508031680000HMPOLPUOFFPOS0005","id":"379","address":"Bangalore-Mysore Road, MIMS doctors quarters, Mandya, Mandya taluk, Mandya, Karnataka, 571401, India"}},{"type":"Feature","geometry":{"type":"Point","coordinates":[76.4883279999052,12.6593889999904]},"properties":{"name":"K.R. Pet Rural PS","code":"PS - 633","dept":"164580850","kgis":"29573055468031640000HMPOLPUOFFPOS0001","id":"380","address":"SH85, Krishnarajapete, Krishnarajapete taluk, Mandya, Karnataka, 571426, India"}},{"type":"Feature","geometry":{"type":"Point","coordinates":[76.4882890000802,12.6592419997099]},"properties":{"name":"K.R. Pet Town PS","code":"PS - 634","dept":"164580849","kgis":"29573055468031640000HMPOLPUOFFPOS0002","id":"381","address":"SH85, Krishnarajapete, Krishnarajapete taluk, Mandya, Karnataka, 571426, India"}},{"type":"Feature","geometry":{"type":"Point","coordinates":[76.4229170001883,12.7687169998611]},"properties":{"name":"Kikkeri PS","code":"PS - 635","dept":"164580853","kgis":"29573055466133990000HMPOLPUOFFPOS0001","id":"382","address":"SH7, ಊಚನಹಳ್ಳಿ, Mandalikanahalli, Krishnarajapete taluk, Mandya, Karnataka, India"}},{"type":"Feature","geometry":{"type":"Point","coordinates":[76.7356419995543,12.9814419997485]},"properties":{"name":"Bellur PS","code":"PS - 636","dept":"164580867","kgis":"29573055476137100000HMPOLPUOFFPOS0001","id":"383","address":"Vaddarahalli, Belluru, Nagamangala taluk, Mandya, Karnataka, 571418, India"}},{"type":"Feature","geometry":{"type":"Point","coordinates":[76.6309659996206,12.881194000452]},"properties":{"name":"Bindiganavile PS","code":"PS - 637","dept":"164580866","kgis":"29573055476137920000HMPOLPUOFFPOS0001","id":"384","address":"Ballavalli, Lalanakere, Nagamangala taluk, Mandya, Karnataka, 571802, India"}},{"type":"Feature","geometry":{"type":"Point","coordinates":[76.7588530000804,12.8308810001486]},"properties":{"name":"Nagamangala Rural  PS","code":"PS - 638","dept":"164581889","kgis":"29573055478031650000HMPOLPUOFFPOS0001","id":"385","address":"NH150A, Upparahalli, Nagamangala taluk, Mandya, Karnataka, 571432, India"}},{"type":"Feature","geometry":{"type":"Point","coordinates":[76.7563030003642,12.8198189999741]},"properties":{"name":"Nagamangala Town PS","code":"PS - 639","dept":"164580864","kgis":"29573055478031650000HMPOLPUOFFPOS0002","id":"386","address":"Nagamangala, Nagamangala taluk, Mandya, Karnataka, 571432, India"}},{"type":"Feature","geometry":{"type":"Point","coordinates":[76.6735810001632,12.5030060002854]},"properties":{"name":"Pandavapura PS","code":"PS - 640","dept":"164580848","kgis":"29573055486141890000HMPOLPUOFFPOS0001","id":"387","address":"Pandavapura, Pandavapura taluk, Mandya, Karnataka, 571484, India"}},{"type":"Feature","geometry":{"type":"Point","coordinates":[76.8135740001178,12.4106780003366]},"properties":{"name":"Arakere PS","code":"PS - 641","dept":"164580845","kgis":"29573055496142700000HMPOLPUOFFPOS0001","id":"388","address":"Tadagavadi, Srirangapattana taluk, Mandya, Karnataka, 571415, India"}},{"type":"Feature","geometry":{"type":"Point","coordinates":[76.572416999823,12.4057780002984]},"properties":{"name":"K.R. Sagar PS","code":"PS - 642","dept":"164580846","kgis":"29573055496143100000HMPOLPUOFFPOS0001","id":"389","address":"Krishnarajasagara, Srirangapattana taluk, Mandya, Karnataka, 571606, India"}},{"type":"Feature","geometry":{"type":"Point","coordinates":[76.6480829996999,12.6617360000175]},"properties":{"name":"Melukote PS","code":"PS - 643","dept":"164581912","kgis":"29573055486140530000HMPOLPUOFFPOS0001","id":"390","address":"Raja Bidi, Melukote, Pandavapura taluk, Mandya, Karnataka, 571431, India"}},{"type":"Feature","geometry":{"type":"Point","coordinates":[76.6830810004348,12.4239850002271]},"properties":{"name":"Srirangapatna PS","code":"PS - 644","dept":"164580844","kgis":"29573055498031670000HMPOLPUOFFPOS0001","id":"391","address":"Srirangapatna, Srirangapattana taluk, Mandya, Karnataka, 571438, India"}},{"type":"Feature","geometry":{"type":"Point","coordinates":[76.6913580002078,12.4145859999968]},"properties":{"name":"Srirangapatna Rural PS","code":"PS - 645","dept":"164582160","kgis":"29573055498031670000HMPOLPUOFFPOS0002","id":"392","address":"Srirangapatna, Srirangapattana taluk, Mandya, Karnataka, 571438, India"}},{"type":"Feature","geometry":{"type":"Point","coordinates":[76.3499666674012,11.9907305560008]},"properties":{"name":"Beechanahalli PS","code":"PS - 646","dept":"164590897","kgis":"29577055736190240000HMPOLPUOFFPOS0001","id":"393","address":"Shiramahalli, Heggadadevanakote taluk, Mysuru District, Karnataka, 571114, India"}},{"type":"Feature","geometry":{"type":"Point","coordinates":[76.3317611107035,12.0901805560091]},"properties":{"name":"H.D. Kote PS","code":"PS - 647","dept":"164590896","kgis":"29577055736188750000HMPOLPUOFFPOS0001","id":"394","address":"Hunsur to Heggadadevanakote main road, Konegaudanahundi, Heggadadevanakote, Heggadadevanakote taluk, Mysuru District, Karnataka, 571114, India"}},{"type":"Feature","geometry":{"type":"Point","coordinates":[76.3953694440388,12.0029999997257]},"properties":{"name":"Saragur PS","code":"PS - 648","dept":"164590898","kgis":"29577055736189880000HMPOLPUOFFPOS0001","id":"395","address":"Heggadadevanakote to Saraguru main road, Bidagalu, Saraguru taluk, Mysuru District, Karnataka, 571121, India"}},{"type":"Feature","geometry":{"type":"Point","coordinates":[76.4477555556761,12.3359111112243]},"properties":{"name":"Bilikere PS","code":"PS - 649","dept":"164590894","kgis":"29577055706184620000HMPOLPUOFFPOS0001","id":"396","address":"Bilikere, Hunasuru taluk, Mysuru District, Karnataka, 571103, India"}},{"type":"Feature","geometry":{"type":"Point","coordinates":[76.2940972218105,12.3074194444243]},"properties":{"name":"Hunusur Rural PS","code":"PS - 650","dept":"164590893","kgis":"29577055706184180000HMPOLPUOFFPOS0001","id":"397","address":"Shabir Nagar, Hunsur, Hunasuru taluk, Mysuru District, Karnataka, 571105, India"}},{"type":"Feature","geometry":{"type":"Point","coordinates":[76.2904972221703,12.3052972219234]},"properties":{"name":"Hunusur Town PS","code":"PS - 651","dept":"164590892","kgis":"29577055706184180000HMPOLPUOFFPOS0002","id":"398","address":"Hunsur to Heggadadevanakote main road, Shabir Nagar, Hunsur, Hunasuru taluk, Mysuru District, Karnataka, 571105, India"}},{"type":"Feature","geometry":{"type":"Point","coordinates":[76.1012388886752,12.4656666670044]},"properties":{"name":"Bettadapura PS","code":"PS - 652","dept":"164591604","kgis":"29577055696181710000HMPOLPUOFFPOS0001","id":"399","address":"SH21, Harave Mallarajapattana, Piriyapattana taluk, Mysuru District, Karnataka, 571107, India"}},{"type":"Feature","geometry":{"type":"Point","coordinates":[75.9974277780029,12.4271888886405]},"properties":{"name":"Bylakuppe PS","code":"PS - 653","dept":"164591602","kgis":"29577055696181410000HMPOLPUOFFPOS0001","id":"400","address":"Bylakuppe, Piriyapattana taluk, Mysuru District, Karnataka, 571104, India"}},{"type":"Feature","geometry":{"type":"Point","coordinates":[76.0886222220962,12.3374694440035]},"properties":{"name":"Periyapatna PS","code":"PS - 654","dept":"164591600","kgis":"29577055698031910000HMPOLPUOFFPOS0001","id":"401","address":"Periyapatna, Piriyapattana taluk, Mysuru District, Karnataka, 571107, India"}},{"type":"Feature","geometry":{"type":"Point","coordinates":[76.3805666671765,12.4355861106706]},"properties":{"name":"K.R. Nagar PS","code":"PS - 655","dept":"164590887","kgis":"29577055718031930000HMPOLPUOFFPOS0001","id":"402","address":"NH373, Krishnarajanagara, Krishnarajanagara taluk, Mysuru District, Karnataka, 571600, India"}},{"type":"Feature","geometry":{"type":"Point","coordinates":[76.263647222112,12.5621222223597]},"properties":{"name":"Saligrama PS","code":"PS - 656","dept":"164590888","kgis":"29577055716185300000HMPOLPUOFFPOS0001","id":"403","address":"SH108, Saligrama, Saligrama taluku, Mysuru District, Karnataka, 571604, India"}},{"type":"Feature","geometry":{"type":"Point","coordinates":[76.5552666667382,12.2047055562172]},"properties":{"name":"Jayapura PS","code":"PS - 657","dept":"164590885","kgis":"29577055726187650000HMPOLPUOFFPOS0001","id":"404","address":"SH33, Gujjegaudanapura, Mysuru taluk, Mysuru District, Karnataka, India"}},{"type":"Feature","geometry":{"type":"Point","coordinates":[76.6643888891635,12.3128250001524]},"properties":{"name":"Mysore South PS","code":"PS - 658","dept":"164590883","kgis":"29577055728031940000HMPOLPUOFFPOS0017","id":"405","address":"Nazarbad, Mysuru, Mysuru taluk, Mysuru District, Karnataka, 570001, India"}},{"type":"Feature","geometry":{"type":"Point","coordinates":[76.8089027780329,12.2540861106456]},"properties":{"name":"Varuna PS","code":"PS - 659","dept":"164592155","kgis":"29577055726187980000HMPOLPUOFFPOS0001","id":"406","address":"Kozhikode - Kollegal Highway, Kilanapura, Mysuru taluk, Mysuru District, Karnataka, India"}},{"type":"Feature","geometry":{"type":"Point","coordinates":[76.5413583333045,12.3593888886838]},"properties":{"name":"Yelawala PS","code":"PS - 660","dept":"164590884","kgis":"29577055726188250000HMPOLPUOFFPOS0001","id":"407","address":"NH275, Ilavala, Mysuru taluk, Mysuru District, Karnataka, 571130, India"}},{"type":"Feature","geometry":{"type":"Point","coordinates":[76.7456555563285,12.0698916665752]},"properties":{"name":"Biligere PS","code":"PS - 661","dept":"164590903","kgis":"29577055746192490000HMPOLPUOFFPOS0001","id":"408","address":"NH150A, Dodda Kavalande, Nanjanagudu taluk, Mysuru District, Karnataka, 571312, India"}},{"type":"Feature","geometry":{"type":"Point","coordinates":[76.5565750000767,12.0973055558715]},"properties":{"name":"Hullahalli PS","code":"PS - 662","dept":"164591556","kgis":"29577055746191250000HMPOLPUOFFPOS0001","id":"409","address":"Hullahalli, Nanjanagudu taluk, Mysuru District, Karnataka, 571314, India"}},{"type":"Feature","geometry":{"type":"Point","coordinates":[76.7987944436249,12.0328249996388]},"properties":{"name":"Kowlande PS","code":"PS - 663","dept":"164591611","kgis":"29577055746193000000HMPOLPUOFFPOS0001","id":"410","address":"Dodda Kavalande, Nanjanagudu taluk, Mysuru District, Karnataka, 571312, India"}},{"type":"Feature","geometry":{"type":"Point","coordinates":[76.6741499995896,12.1145611113237]},"properties":{"name":"Nanjanagudu Rural PS","code":"PS - 664","dept":"164590902","kgis":"29577055746192430000HMPOLPUOFFPOS0001","id":"411","address":"Mysore Ooty Highway, Nanjanagudu, Nanjanagudu taluk, Mysuru District, Karnataka, 571300, India"}},{"type":"Feature","geometry":{"type":"Point","coordinates":[76.6861472222113,12.1181222219017]},"properties":{"name":"Nanjanagudu Town PS","code":"PS - 665","dept":"164590901","kgis":"29577055746192430000HMPOLPUOFFPOS0002","id":"412","address":"Nanjanagudu, Nanjanagudu taluk, Mysuru District, Karnataka, 571300, India"}},{"type":"Feature","geometry":{"type":"Point","coordinates":[76.8664222218755,12.3328861113612]},"properties":{"name":"Bannur PS","code":"PS - 666","dept":"164590906","kgis":"29577055756193270000HMPOLPUOFFPOS0001","id":"413","address":"SH33, Bannur, Tirumakudalu Narasipura taluk, Mysuru District, Karnataka, 571101, India"}},{"type":"Feature","geometry":{"type":"Point","coordinates":[76.0117877802284,13.555317508155]},"properties":{"name":"Kadur PS","code":"PS - 688","dept":"164480481","kgis":"29570055298031480000HMPOLPUOFFPOS0001","id":"414","address":"Kaduru, Kaduru taluk, Chikkamagaluru, Karnataka, 577548, India"}},{"type":"Feature","geometry":{"type":"Point","coordinates":[76.3329329998881,13.5470429996333]},"properties":{"name":"Panchanahalli PS","code":"PS - 689","dept":"164480483","kgis":"29570055296095800000HMPOLPUOFFPOS0001","id":"415","address":"Garaga, Kaduru taluk, Chikkamagaluru, Karnataka, 577182, India"}},{"type":"Feature","geometry":{"type":"Point","coordinates":[75.9174889999256,13.43594899995]},"properties":{"name":"Sakkaraya Patna PS","code":"PS - 690","dept":"164480482","kgis":"29570055296096050000HMPOLPUOFFPOS0001","id":"416","address":"Mudigere-Kadur Road, Yakkamanakatte, Kallumaradimutta, Kaduru taluk, Chikkamagaluru, Karnataka, 577135, India"}},{"type":"Feature","geometry":{"type":"Point","coordinates":[76.1747570001965,13.5517830001316]},"properties":{"name":"Singatagere PS","code":"PS - 691","dept":"164480479","kgis":"29570055296094930000HMPOLPUOFFPOS0001","id":"417","address":"SH152, Gujjenahalli, Kaduru taluk, Chikkamagaluru, Karnataka, 577138, India"}},{"type":"Feature","geometry":{"type":"Point","coordinates":[75.999862000049,13.756626000254]},"properties":{"name":"Ajjampura PS","code":"PS - 692","dept":"164480474","kgis":"29570055286092780000HMPOLPUOFFPOS0001","id":"418","address":"Gejjegondanahalli, Ajjampura taluku, Chikkamagaluru, Karnataka, India"}},{"type":"Feature","geometry":{"type":"Point","coordinates":[75.6534188935602,13.7014104337312]},"properties":{"name":"Lakkavalli PS","code":"PS - 693","dept":"164481750","kgis":"29570055286091140000HMPOLPUOFFPOS0001","id":"419","address":"SH57, Basavanahalli, Lakkavalli, Tarikere taluku, Chikkamagaluru, Karnataka, India"}},{"type":"Feature","geometry":{"type":"Point","coordinates":[75.8400519997675,13.6041459999855]},"properties":{"name":"Lingadahalli PS","code":"PS - 694","dept":"164480473","kgis":"29570055286093360000HMPOLPUOFFPOS0001","id":"420","address":"SH57, Hosahalli, Tarikere taluku, Chikkamagaluru, Karnataka, India"}},{"type":"Feature","geometry":{"type":"Point","coordinates":[75.4828499998096,13.4244709997979]},"properties":{"name":"Tarikere Town PS","code":"PS - 695","dept":"164480468","kgis":"29570055276090950000HMPOLPUOFFPOS0001","id":"421","address":"Kodagigadde, Megaramakki, Narasimharajapura taluk, Chikkamagaluru, Karnataka, India"}},{"type":"Feature","geometry":{"type":"Point","coordinates":[75.0404499999249,12.8907833327236]},"properties":{"name":"Bantwala Rural PS","code":"PS - 696","dept":"164631073","kgis":"29575055628031830000HMPOLPUOFFPOS0001","id":"422","address":"Kaikunje, Bantwal, Bantwal taluk, Dakshina Kannada, Karnataka, 574211, India"}},{"type":"Feature","geometry":{"type":"Point","coordinates":[75.0313750000531,12.8813960002963]},"properties":{"name":"Bantwala Town PS","code":"PS - 697","dept":"164631072","kgis":"29575055628031830000HMPOLPUOFFPOS0002","id":"423","address":"Kaikunje, Bantwal Cross Road, Bantwal taluk, Dakshina Kannada, Karnataka, 574219, India"}},{"type":"Feature","geometry":{"type":"Point","coordinates":[75.1016099998576,12.763360000292]},"properties":{"name":"Vitla PS","code":"PS - 698","dept":"164631074","kgis":"29575055626176050000HMPOLPUOFFPOS0001","id":"424","address":"SH64, Ukkuda, Vitla, Bantwal taluk, Dakshina Kannada, Karnataka, 574243, India"}},{"type":"Feature","geometry":{"type":"Point","coordinates":[75.2827340000247,12.9899590000929]},"properties":{"name":"Belthangadi PS","code":"PS - 699","dept":"164631070","kgis":"29575055638031840000HMPOLPUOFFPOS0001","id":"425","address":"Belthangadi, Beltangadi taluk, Dakshina Kannada, Karnataka, 574214, India"}},{"type":"Feature","geometry":{"type":"Point","coordinates":[75.384191922713,12.9529425848431]},"properties":{"name":"Dharmasthala PS","code":"PS - 700","dept":"164632142","kgis":"29575055636176740000HMPOLPUOFFPOS0001","id":"426","address":"Dharmasthala, Beltangadi taluk, Dakshina Kannada, Karnataka, 574216, India"}},{"type":"Feature","geometry":{"type":"Point","coordinates":[75.1680902435035,12.9505758882037]},"properties":{"name":"Punjalkatte PS","code":"PS - 701","dept":"164631926","kgis":"29575055626175450000HMPOLPUOFFPOS0001","id":"427","address":"NH73, Harkadi, Vogga, Bantwal taluk, Dakshina Kannada, Karnataka, 574324, India"}},{"type":"Feature","geometry":{"type":"Point","coordinates":[75.1391849997653,13.012608000149]},"properties":{"name":"VenoorPS","code":"PS - 702","dept":"164631672","kgis":"29575055636176180000HMPOLPUOFFPOS0001","id":"428","address":"SH 70, Padangadi, Venoor, Beltangadi taluk, Dakshina Kannada, Karnataka, 574242, India"}},{"type":"Feature","geometry":{"type":"Point","coordinates":[75.2206207288605,12.7299336542509]},"properties":{"name":"Puttur Rural PS","code":"PS - 703","dept":"164631063","kgis":"29575055646177320000HMPOLPUOFFPOS0001","id":"429","address":"Santyar, Putturu taluk, Dakshina Kannada, Karnataka, 574201, India"}},{"type":"Feature","geometry":{"type":"Point","coordinates":[75.2482300003386,12.8394549998839]},"properties":{"name":"Uppinangadi PS","code":"PS - 704","dept":"164631064","kgis":"29575055646177520000HMPOLPUOFFPOS0001","id":"430","address":"Car Street, Uppinangadi, Putturu taluk, Dakshina Kannada, Karnataka, 574241, India"}},{"type":"Feature","geometry":{"type":"Point","coordinates":[75.3708391857439,12.6640612816479]},"properties":{"name":"Bellare PS","code":"PS - 705","dept":"164632158","kgis":"29575055656177560000HMPOLPUOFFPOS0001","id":"431","address":"Bellare Road, Bengamale, Bellare, Sulya taluk, Dakshina Kannada, Karnataka, 574212, India"}},{"type":"Feature","geometry":{"type":"Point","coordinates":[75.3928840000462,12.5564220000149]},"properties":{"name":"Sullia PS","code":"PS - 706","dept":"164631061","kgis":"29575055658031860000HMPOLPUOFFPOS0001","id":"432","address":"NH275, Sulya, Sulya taluk, Dakshina Kannada, Karnataka, 574239, India"}},{"type":"Feature","geometry":{"type":"Point","coordinates":[74.7482400004314,13.2284669997503]},"properties":{"name":"Kapu PS","code":"PS - 707","dept":"164691202","kgis":"29569055236088320000HMPOLPUOFFPOS0001","id":"433","address":"Polipu, Kapu, Kapu taluku, Udupi, Karnataka, 574106, India"}},{"type":"Feature","geometry":{"type":"Point","coordinates":[74.7701429996373,13.1408309998147]},"properties":{"name":"Padubidri PS","code":"PS - 708","dept":"164691203","kgis":"29569055236088580000HMPOLPUOFFPOS0001","id":"434","address":"Kanchinadka, Padubidri, Kapu taluku, Udupi, Karnataka, 574111, India"}},{"type":"Feature","geometry":{"type":"Point","coordinates":[74.832211999612,13.2111169997885]},"properties":{"name":"Shirva PS","code":"PS - 709","dept":"164691206","kgis":"29569055236088250000HMPOLPUOFFPOS0001","id":"435","address":"Pilaru, Kapu taluku, Udupi, Karnataka, 574116, India"}},{"type":"Feature","geometry":{"type":"Point","coordinates":[74.999538000391,13.3190330000313]},"properties":{"name":"Ajekar PS","code":"PS - 710","dept":"164691628","kgis":"29569055246088790000HMPOLPUOFFPOS0001","id":"436","address":"Kaikamba, Ajekara, Karkala taluk, Udupi, Karnataka, 574108, India"}},{"type":"Feature","geometry":{"type":"Point","coordinates":[74.9899239999226,13.458648000026]},"properties":{"name":"Hebri PS","code":"PS - 711","dept":"164691225","kgis":"29569055246088680000HMPOLPUOFFPOS0001","id":"437","address":"Thirthahalli - Udupi Highway, Hebri, Hebri taluku, Udupi, Karnataka, 576112, India"}},{"type":"Feature","geometry":{"type":"Point","coordinates":[74.9811789996669,13.2227949998185]},"properties":{"name":"Karkala Rural PS","code":"PS - 712","dept":"164691221","kgis":"29569055248031420000HMPOLPUOFFPOS0001","id":"438","address":"Karkala, Karkala taluk, Udupi, Karnataka, 574104, India"}},{"type":"Feature","geometry":{"type":"Point","coordinates":[74.9811789996669,13.2227949998185]},"properties":{"name":"Karkala Town PS","code":"PS - 713","dept":"164691224","kgis":"29569055248031420000HMPOLPUOFFPOS0002","id":"439","address":"Karkala, Karkala taluk, Udupi, Karnataka, 574104, India"}},{"type":"Feature","geometry":{"type":"Point","coordinates":[74.6265130000824,13.8670959995934]},"properties":{"name":"Byndoor PS","code":"PS - 714","dept":"164691212","kgis":"29569055226086610000HMPOLPUOFFPOS0001","id":"440","address":"Yojana Nagara, Bainduru, Bainduru taluku, Udupi, Karnataka, 576214, India"}},{"type":"Feature","geometry":{"type":"Point","coordinates":[74.6603749995651,13.6867200001321]},"properties":{"name":"Gangolli PS","code":"PS - 715","dept":"164691217","kgis":"29569055226086870000HMPOLPUOFFPOS0001","id":"441","address":"NH66, Hosadu, ನಾಗೂರು, Kundapura, Udupi, Karnataka, 576224, India"}},{"type":"Feature","geometry":{"type":"Point","coordinates":[74.8135260002853,13.8633549996085]},"properties":{"name":"Kollur PS","code":"PS - 716","dept":"164691215","kgis":"29569055226086810000HMPOLPUOFFPOS0001","id":"442","address":"NH766C, Kollur, Bainduru taluku, Udupi, Karnataka, 576220, India"}},{"type":"Feature","geometry":{"type":"Point","coordinates":[74.9485879999256,13.6030689995903]},"properties":{"name":"Amasebailu PS","code":"PS - 718","dept":"164691200","kgis":"29569055226087560000HMPOLPUOFFPOS0001","id":"443","address":"Amasebylu, Halady, Kundapura, Udupi, Karnataka, 576279, India"}},{"type":"Feature","geometry":{"type":"Point","coordinates":[74.6895069997589,13.636995999572]},"properties":{"name":"Kundapura PS","code":"PS - 719","dept":"164691216","kgis":"29569055228031390000HMPOLPUOFFPOS0001","id":"444","address":"Kundhapura, Kundapura, Udupi, Karnataka, 576200, India"}},{"type":"Feature","geometry":{"type":"Point","coordinates":[74.7724929995498,13.6376749999857]},"properties":{"name":"Kundapura Rural PS","code":"PS - 720","dept":"164692170","kgis":"29569055226087130000HMPOLPUOFFPOS0001","id":"445","address":"Kundapura-Shimoga Road, Kavaradi, Ampar, Kundapura, Udupi, Karnataka, 576283, India"}},{"type":"Feature","geometry":{"type":"Point","coordinates":[74.8624549995882,13.6045059998908]},"properties":{"name":"Shankaranarayana PS","code":"PS - 721","dept":"164691219","kgis":"29569055226087160000HMPOLPUOFFPOS0001","id":"446","address":"Haladi Road, Shankaranarayana, Kundapura, Udupi, Karnataka, 576227, India"}},{"type":"Feature","geometry":{"type":"Point","coordinates":[74.7441369998107,13.4382470001217]},"properties":{"name":"Brahmavar PS","code":"PS - 722","dept":"164691208","kgis":"29569055236088450000HMPOLPUOFFPOS0001","id":"447","address":"Brahmavara, Brahmavara taluku, Udupi, Karnataka, 576213, India"}},{"type":"Feature","geometry":{"type":"Point","coordinates":[74.8561909434317,13.3492432912263]},"properties":{"name":"Hiriadka PS","code":"PS - 723","dept":"164691210","kgis":"29569055236088140000HMPOLPUOFFPOS0001","id":"448","address":"ಒಂತಿಬೆಟ್ಟು, Udupi taluku, Udupi, Karnataka, 576113, India"}},{"type":"Feature","geometry":{"type":"Point","coordinates":[74.7039730000519,13.5282609996582]},"properties":{"name":"Kota PS","code":"PS - 724","dept":"164691211","kgis":"29569055236087610000HMPOLPUOFFPOS0001","id":"449","address":"Kota, Brahmavara taluku, Udupi, Karnataka, 576221, India"}},{"type":"Feature","geometry":{"type":"Point","coordinates":[74.7860859999478,13.3491519997911]},"properties":{"name":"Manipal PS","code":"PS - 725","dept":"164691201","kgis":"29569055238031410000HMPOLPUOFFPOS0002","id":"450","address":"Malpe - Manipal Road, Indrali, Manipal, Udupi taluku, Udupi, Karnataka, 576101, India"}},{"type":"Feature","geometry":{"type":"Point","coordinates":[74.7033830001599,13.3606109997091]},"properties":{"name":"Malpe PS","code":"PS - 726","dept":"164691198","kgis":"29569055238031410000HMPOLPUOFFPOS0003","id":"451","address":"Malpe, Thottam, Udupi taluku, Udupi, Karnataka, 576101, India"}},{"type":"Feature","geometry":{"type":"Point","coordinates":[74.7481680002445,13.3306670002013]},"properties":{"name":"Udupi Town PS","code":"PS - 727","dept":"164691197","kgis":"29569055238031410000HMPOLPUOFFPOS0004","id":"452","address":"Korankara Padi, Bailuru, Udupi taluku, Udupi, Karnataka, 576101, India"}},{"type":"Feature","geometry":{"type":"Point","coordinates":[74.7481680002445,13.3306670002013]},"properties":{"name":"Udupi Women PS","code":"PS - 728","dept":"164691220","kgis":"29569055238031410000HMPOLPUOFFPOS0005","id":"453","address":"Korankara Padi, Bailuru, Udupi taluku, Udupi, Karnataka, 576101, India"}},{"type":"Feature","geometry":{"type":"Point","coordinates":[77.6630639999462,12.8400089995489]},"properties":{"name":"Electronic City PS","code":"PS - 150","dept":"164431799","kgis":"29572055436130580000HMPOLPUOFFPOS0001","id":"454","address":"KSIIDC, Electronic City, Bangalore South, Bengaluru Urban, Karnataka, 560100, India"}},{"type":"Feature","geometry":{"type":"Point","coordinates":[77.6673555559925,12.8773138893884]},"properties":{"name":"Parappana Agrahara PS","code":"PS - 151","dept":"164431800","kgis":"29572055428031620000HMPOLPUOFFPOS0065","id":"455","address":"Naganathapura, Bengaluru South City Corporation, Bengaluru, Bangalore South, Bengaluru Urban, Karnataka, 560068, India"}},{"type":"Feature","geometry":{"type":"Point","coordinates":[77.6115419998195,12.941430999878]},"properties":{"name":"Adugodi PS","code":"PS - 152","dept":"164431382","kgis":"29572055428031620000HMPOLPUOFFPOS0066","id":"456","address":"Adugodi Police Quarters, Kormangala West, Bengaluru South City Corporation, Bengaluru, Bangalore South, Bengaluru Urban, Karnataka, 560095, India"}},{"type":"Feature","geometry":{"type":"Point","coordinates":[77.6513889997284,12.9201510003798]},"properties":{"name":"H.S.R.Layout PS","code":"PS - 153","dept":"164431796","kgis":"29572055428031620000HMPOLPUOFFPOS0067","id":"457","address":"27th Main Road, Sector 1, Iblur, Bengaluru South City Corporation, Bengaluru, Bangalore South, Bengaluru Urban, Karnataka, 560102, India"}},{"type":"Feature","geometry":{"type":"Point","coordinates":[77.6213416671002,12.9412138887662]},"properties":{"name":"Koramangala PS","code":"PS - 154","dept":"164431383","kgis":"29572055428031620000HMPOLPUOFFPOS0068","id":"458","address":"80 Feet Road, Koramangala 5th Block, Adugodi, A Adugodi, Bengaluru South City Corporation, Bengaluru, Bangalore South, Bengaluru Urban, Karnataka, 560095, India"}},{"type":"Feature","geometry":{"type":"Point","coordinates":[74.5385116612427,13.9984983574694]},"properties":{"name":"Bhatkal Rural PS","code":"PS - 729","dept":"164600950","kgis":"29563054886038780000HMPOLPUOFFPOS0001","id":"459","address":"Kokti, Jali, Bhatkal taluk, Uttara Kannada, Karnataka, 581320, India"}},{"type":"Feature","geometry":{"type":"Point","coordinates":[74.5521247779463,13.9899128338417]},"properties":{"name":"Bhatkal Town PS","code":"PS - 730","dept":"164600949","kgis":"29563054888030990000HMPOLPUOFFPOS0001","id":"460","address":"Kokti, Bhatkal, Bhatkal taluk, Uttara Kannada, Karnataka, 581320, India"}},{"type":"Feature","geometry":{"type":"Point","coordinates":[74.4885348002787,14.0952149997076]},"properties":{"name":"Murudeshwar PS","code":"PS - 731","dept":"164600951","kgis":"29563054886038190000HMPOLPUOFFPOS0001","id":"461","address":"Murdeshwar, Bhatkal taluk, Uttara Kannada, Karnataka, 581350, India"}},{"type":"Feature","geometry":{"type":"Point","coordinates":[74.4510629998072,14.2818950002046]},"properties":{"name":"Honnavara PS","code":"PS - 732","dept":"164601680","kgis":"29563054878030980000HMPOLPUOFFPOS0001","id":"462","address":"Honnavar, Honnavar taluku, Uttara Kannada, Karnataka, 581334, India"}},{"type":"Feature","geometry":{"type":"Point","coordinates":[74.4864420001738,14.1862219997564]},"properties":{"name":"Manki PS","code":"PS - 733","dept":"164601681","kgis":"29563054876037580000HMPOLPUOFFPOS0001","id":"463","address":"Manki, Honnavar taluku, Uttara Kannada, Karnataka, 581348, India"}},{"type":"Feature","geometry":{"type":"Point","coordinates":[74.3222760003263,14.5396930000536]},"properties":{"name":"Gokarna PS","code":"PS - 734","dept":"164600954","kgis":"29563054856034190000HMPOLPUOFFPOS0001","id":"464","address":"Gokarna, Kumata taluk, Uttara Kannada, Karnataka, 581326, India"}},{"type":"Feature","geometry":{"type":"Point","coordinates":[74.4201783004088,14.4293099997957]},"properties":{"name":"Kumta PS","code":"PS - 735","dept":"164600953","kgis":"29563054858030960000HMPOLPUOFFPOS0001","id":"465","address":"Kumta, Kumata taluk, Uttara Kannada, Karnataka, 581343, India"}},{"type":"Feature","geometry":{"type":"Point","coordinates":[74.6211739995369,15.2575050002759]},"properties":{"name":"Dandeli Rural PS","code":"PS - 736","dept":"164600932","kgis":"29563054808030890000HMPOLPUOFFPOS0001","id":"466","address":"Patel Nagara, Dandeli, Dandeli taluku, Uttara Kannada, Karnataka, 581325, India"}},{"type":"Feature","geometry":{"type":"Point","coordinates":[74.6211109997959,15.2574919997879]},"properties":{"name":"Dandeli Town PS","code":"PS - 737","dept":"164600931","kgis":"29563054808030890000HMPOLPUOFFPOS0002","id":"467","address":"Patel Nagara, Dandeli, Dandeli taluku, Uttara Kannada, Karnataka, 581325, India"}},{"type":"Feature","geometry":{"type":"Point","coordinates":[74.659325999899,15.1239950003451]},"properties":{"name":"Ambikanagar PS","code":"PS - 738","dept":"164601676","kgis":"29563054806027890000HMPOLPUOFFPOS0001","id":"468","address":"Ambikanagar, Dandeli taluku, Uttara Kannada, Karnataka, India"}},{"type":"Feature","geometry":{"type":"Point","coordinates":[74.7671360001228,15.3294970004142]},"properties":{"name":"Haliyal PS","code":"PS - 739","dept":"164601675","kgis":"29563054808030910000HMPOLPUOFFPOS0001","id":"469","address":"Haliyal, Haliyala taluku, Uttara Kannada, Karnataka, 581329, India"}},{"type":"Feature","geometry":{"type":"Point","coordinates":[74.4898160003991,15.1629819996032]},"properties":{"name":"Joida PS","code":"PS - 740","dept":"164601370","kgis":"29563054796027260000HMPOLPUOFFPOS0001","id":"470","address":"Joida, Supa taluk, Uttara Kannada, Karnataka, India"}},{"type":"Feature","geometry":{"type":"Point","coordinates":[74.488624811945,15.4238626449358]},"properties":{"name":"Ramnagar PS","code":"PS - 741","dept":"164600936","kgis":"29563054796026500000HMPOLPUOFFPOS0001","id":"471","address":"Ramanagara, Khanapura taluku, Belagavi, Karnataka, 591301, India"}},{"type":"Feature","geometry":{"type":"Point","coordinates":[74.3054620003402,14.6598159995517]},"properties":{"name":"Ankola PS","code":"PS - 742","dept":"164601674","kgis":"29563054848030950000HMPOLPUOFFPOS0001","id":"472","address":"Ankola, Ankola taluk, Uttara Kannada, Karnataka, 581314, India"}},{"type":"Feature","geometry":{"type":"Point","coordinates":[75.9184260000763,14.4692230002346]},"properties":{"name":"Basavanagara PS","code":"PS - 302","dept":"164380097","kgis":"29567055128031270000HMPOLPUOFFPOS0006","id":"473","address":"Vinobanagara, Davanagere, Davanagere Taluku, Davanagere, Karnataka, 577000, India"}},{"type":"Feature","geometry":{"type":"Point","coordinates":[75.9203209997948,14.4763269999813]},"properties":{"name":"Gandhi Nagar PS","code":"PS - 303","dept":"164380099","kgis":"29567055128031270000HMPOLPUOFFPOS0007","id":"474","address":"K.B. Extension, Davanagere, Davanagere Taluku, Davanagere, Karnataka, 577000, India"}},{"type":"Feature","geometry":{"type":"Point","coordinates":[75.9358709999474,14.4597660003841]},"properties":{"name":"Davanagere RMC Yard PS","code":"PS - 304","dept":"164381519","kgis":"29567055128031270000HMPOLPUOFFPOS0008","id":"475","address":"RMC Road, K.B. Extension, Davanagere, Davanagere Taluku, Davanagere, Karnataka, 577000, India"}},{"type":"Feature","geometry":{"type":"Point","coordinates":[75.8171230001795,14.2062850000917]},"properties":{"name":"Basavapatna PS","code":"PS - 306","dept":"164381524","kgis":"29567055146068930000HMPOLPUOFFPOS0001","id":"476","address":"SH48, Sagarapete, Channagiri taluku, Davanagere, Karnataka, 577551, India"}},{"type":"Feature","geometry":{"type":"Point","coordinates":[75.928854000104,14.0230850000163]},"properties":{"name":"Channagiri PS","code":"PS - 307","dept":"164381522","kgis":"29567055148031290000HMPOLPUOFFPOS0001","id":"477","address":"Channagiri, Channagiri taluku, Davanagere, Karnataka, 577213, India"}},{"type":"Feature","geometry":{"type":"Point","coordinates":[76.0068530003997,14.1731752998334]},"properties":{"name":"Santhebennur PS","code":"PS - 308","dept":"164381523","kgis":"29567055146069600000HMPOLPUOFFPOS0001","id":"478","address":"Santebennur, Channagiri taluku, Davanagere, Karnataka, 577552, India"}},{"type":"Feature","geometry":{"type":"Point","coordinates":[75.9206479996524,14.4507960001913]},"properties":{"name":"Davanagere Rural PS","code":"PS - 309","dept":"164380106","kgis":"29567055128031270000HMPOLPUOFFPOS0010","id":"479","address":"Hadadi Road, K.T. Jambanna Nagara, Davanagere, Davanagere Taluku, Davanagere, Karnataka, 577000, India"}},{"type":"Feature","geometry":{"type":"Point","coordinates":[75.8944169997106,14.3699169995911]},"properties":{"name":"Hadadi PS","code":"PS - 310","dept":"164380107","kgis":"29567055126065710000HMPOLPUOFFPOS0001","id":"480","address":"Channagiri Road, Eelnekallu, Davanagere Taluku, Davanagere, Karnataka, 577525, India"}},{"type":"Feature","geometry":{"type":"Point","coordinates":[76.0805829997114,14.282960000102]},"properties":{"name":"Mayakonda PS","code":"PS - 311","dept":"164380108","kgis":"29567055126066770000HMPOLPUOFFPOS0001","id":"481","address":"Mayakonda, Davanagere Taluku, Davanagere, Karnataka, 577534, India"}},{"type":"Feature","geometry":{"type":"Point","coordinates":[75.812918000103,14.5355449996388]},"properties":{"name":"Harihara Rural PS","code":"PS - 312","dept":"164380111","kgis":"29567055098031240000HMPOLPUOFFPOS0001","id":"482","address":"Jijaa Matha Colony, Harlapura, Harihara taluku, Davanagere, Karnataka, 577600, India"}},{"type":"Feature","geometry":{"type":"Point","coordinates":[75.8068689999274,14.5147499995849]},"properties":{"name":"Harihara Town PS","code":"PS - 313","dept":"164380110","kgis":"29567055098031240000HMPOLPUOFFPOS0002","id":"483","address":"Labour Colony, Harihara, Harihara taluku, Davanagere, Karnataka, 577600, India"}},{"type":"Feature","geometry":{"type":"Point","coordinates":[75.7385599999078,14.3517080004335]},"properties":{"name":"Malebennur PS","code":"PS - 314","dept":"164380112","kgis":"29567055096062380000HMPOLPUOFFPOS0001","id":"484","address":"Malebennuru, Harihara taluku, Davanagere, Karnataka, 577530, India"}},{"type":"Feature","geometry":{"type":"Point","coordinates":[75.6573340002608,14.2341700000317]},"properties":{"name":"Honnali PS","code":"PS - 315","dept":"164381526","kgis":"29567055136068240000HMPOLPUOFFPOS0001","id":"485","address":"SH25, Honnali, Honnali taluku, Davanagere, Karnataka, 577217, India"}},{"type":"Feature","geometry":{"type":"Point","coordinates":[75.5628510002063,14.1477459996429]},"properties":{"name":"Nyamathi PS","code":"PS - 316","dept":"164381527","kgis":"29567055136067360000HMPOLPUOFFPOS0001","id":"486","address":"Nyamati, Nyamathi taluku, Davanagere, Karnataka, 577223, India"}},{"type":"Feature","geometry":{"type":"Point","coordinates":[76.0743689998887,14.6702829996762]},"properties":{"name":"Arasikere PS","code":"PS - 317","dept":"169860117","kgis":"29567055106063550000HMPOLPUOFFPOS0001","id":"487","address":"SH 47, Pavanapura, Arasikeri, Harapanahalli taluku, Vijayanagara, Karnataka, India"}},{"type":"Feature","geometry":{"type":"Point","coordinates":[76.0746450002932,14.7922849999844]},"properties":{"name":"Chigateri PS","code":"PS - 318","dept":"169861885","kgis":"29567055106063190000HMPOLPUOFFPOS0001","id":"488","address":"SH151, Chigateri, Harapanahalli taluku, Vijayanagara, Karnataka, India"}},{"type":"Feature","geometry":{"type":"Point","coordinates":[75.7805800000363,14.7102760001283]},"properties":{"name":"Halavagilu PS","code":"PS - 319","dept":"169860116","kgis":"29567055106063350000HMPOLPUOFFPOS0001","id":"489","address":"Kunchuru, Harapanahalli taluku, Vijayanagara, Karnataka, 583213, India"}},{"type":"Feature","geometry":{"type":"Point","coordinates":[75.9866429998442,14.7891170004191]},"properties":{"name":"Harapanahalli PS","code":"PS - 320","dept":"169860115","kgis":"29567055108031250000HMPOLPUOFFPOS0001","id":"490","address":"Hospet-Harihar Road, Harapanahalli, Harapanahalli taluku, Vijayanagara, Karnataka, 583131, India"}},{"type":"Feature","geometry":{"type":"Point","coordinates":[76.1603009998662,14.5045829995527]},"properties":{"name":"Bilichodu PS","code":"PS - 321","dept":"164380120","kgis":"29567055116064690000HMPOLPUOFFPOS0001","id":"491","address":"Bilichodu, Jagaluru taluku, Davanagere, Karnataka, 577553, India"}},{"type":"Feature","geometry":{"type":"Point","coordinates":[76.3374900000845,14.5133499999051]},"properties":{"name":"Jagalur PS","code":"PS - 322","dept":"164380119","kgis":"29567055116064930000HMPOLPUOFFPOS0001","id":"492","address":"Jagaluru, Jagaluru taluku, Davanagere, Karnataka, 577528, India"}},{"type":"Feature","geometry":{"type":"Point","coordinates":[75.4948080001569,14.6801820003097]},"properties":{"name":"Byadagi PS","code":"PS - 323","dept":"164390140","kgis":"29564054938031050000HMPOLPUOFFPOS0001","id":"493","address":"Byadagi, Byadagi taluk, Haveri, Karnataka, 581106, India"}},{"type":"Feature","geometry":{"type":"Point","coordinates":[75.3579259998295,14.6914570001779]},"properties":{"name":"Kaginele PS","code":"PS - 324","dept":"164390141","kgis":"29564054936042810000HMPOLPUOFFPOS0001","id":"494","address":"Kaginelli, Byadagi taluk, Haveri, Karnataka, India"}},{"type":"Feature","geometry":{"type":"Point","coordinates":[75.630240999627,14.8398809998005]},"properties":{"name":"Guttal PS","code":"PS - 325","dept":"164390138","kgis":"29564054926042690000HMPOLPUOFFPOS0001","id":"495","address":"Sirsi-Haveri Road, Guttala, Haveri taluku, Haveri, Karnataka, India"}},{"type":"Feature","geometry":{"type":"Point","coordinates":[75.3881609995463,14.7839199996476]},"properties":{"name":"Haveri Rural PS","code":"PS - 326","dept":"164390137","kgis":"29564054928031040000HMPOLPUOFFPOS0001","id":"496","address":"Haveri, Haveri taluku, Haveri, Karnataka, 581110, India"}},{"type":"Feature","geometry":{"type":"Point","coordinates":[75.3887480001682,14.7840319996163]},"properties":{"name":"Haveri Women PS","code":"PS - 327","dept":"164392143","kgis":"29564054928031040000HMPOLPUOFFPOS0002","id":"497","address":"Haveri, Haveri taluku, Haveri, Karnataka, 581110, India"}},{"type":"Feature","geometry":{"type":"Point","coordinates":[76.6083583329395,17.0584611109419]},"properties":{"name":"Nelogi PS","code":"PS - 412","dept":"164541573","kgis":"29579055866207320000HMPOLPUOFFPOS0001","id":"498","address":"Nelogi, Jevargi taluku, Kalaburagi, Karnataka, India"}},{"type":"Feature","geometry":{"type":"Point","coordinates":[76.5317876998124,16.8552912999066]},"properties":{"name":"Yedrami PS","code":"PS - 413","dept":"164541571","kgis":"29579055866207880000HMPOLPUOFFPOS0001","id":"499","address":"Yadrami, Yadrami taluku, Kalaburagi, Karnataka, 585325, India"}},{"type":"Feature","geometry":{"type":"Point","coordinates":[76.7933388003142,17.1715072995919]},"properties":{"name":"Ferhatabad PS","code":"PS - 414","dept":"169850690","kgis":"29579055826203130000HMPOLPUOFFPOS0001","id":"500","address":"Bidar - Lakshmisagara Highway, Kotnuru, Kalaburagi taluku, Kalaburagi, Karnataka, 585308, India"}},{"type":"Feature","geometry":{"type":"Point","coordinates":[76.8765780003229,17.3098989996219]},"properties":{"name":"University PS","code":"PS - 415","dept":"169850705","kgis":"29579055826202660000HMPOLPUOFFPOS0001","id":"501","address":"Kusanur Road, Rajapura, Kusanuru, Kalaburagi taluku, Kalaburagi, Karnataka, 585106, India"}},{"type":"Feature","geometry":{"type":"Point","coordinates":[77.0835502003528,17.1194793002674]},"properties":{"name":"Chittapura PS","code":"PS - 416","dept":"164541577","kgis":"29579055858032100000HMPOLPUOFFPOS0001","id":"502","address":"Chittapura, Chitapura taluku, Kalaburagi, Karnataka, 585211, India"}},{"type":"Feature","geometry":{"type":"Point","coordinates":[76.9918611109854,17.0575416670462]},"properties":{"name":"Wadi PS","code":"PS - 417","dept":"164541578","kgis":"29579055858032130000HMPOLPUOFFPOS0001","id":"503","address":"SH149, ACC Cement, Ravura, Chitapura taluku, Kalaburagi, Karnataka, 585225, India"}},{"type":"Feature","geometry":{"type":"Point","coordinates":[77.0037409996222,17.2855989998415]},"properties":{"name":"Madbool PS","code":"PS - 419","dept":"164540717","kgis":"29579055856206330000HMPOLPUOFFPOS0001","id":"504","address":"Sannura Tanda, Chitapura taluku, Kalaburagi, Karnataka, 585317, India"}},{"type":"Feature","geometry":{"type":"Point","coordinates":[76.934600000352,17.1304400002252]},"properties":{"name":"Shahabad Town PS","code":"PS - 420","dept":"164540713","kgis":"29579055856206540000HMPOLPUOFFPOS0001","id":"505","address":"Laxmi Gunj, Shahabad, Shahabad taluku, Kalaburagi, Karnataka, 585228, India"}},{"type":"Feature","geometry":{"type":"Point","coordinates":[76.8038080001843,16.7206390000315]},"properties":{"name":"Bheemarayanagudi PS","code":"PS - 421","dept":"169781597","kgis":"29580055888032160000HMPOLPUOFFPOS0001","id":"506","address":"NH150A, Shakapura, Bhimarayana Gudi, Shahapura taluku, Yadgir, Karnataka, India"}},{"type":"Feature","geometry":{"type":"Point","coordinates":[76.7461249996775,16.7330159996719]},"properties":{"name":"Gogi PS","code":"PS - 422","dept":"169781595","kgis":"29580055886210920000HMPOLPUOFFPOS0001","id":"507","address":"Gogipet, Gogi, Shahapura taluku, Yadgir, Karnataka, 585309, India"}},{"type":"Feature","geometry":{"type":"Point","coordinates":[74.1330780000296,14.8543229998097]},"properties":{"name":"Chittakula PS","code":"PS - 743","dept":"164600922","kgis":"29563054786026290000HMPOLPUOFFPOS0001","id":"508","address":"Sadashivagada, Karwar taluk, Uttara Kannada, Karnataka, 581352, India"}},{"type":"Feature","geometry":{"type":"Point","coordinates":[74.3455279000391,14.9056865004334]},"properties":{"name":"Kadra PS","code":"PS - 744","dept":"164600923","kgis":"29563054786026050000HMPOLPUOFFPOS0001","id":"509","address":"Kadra, Karwar taluk, Uttara Kannada, Karnataka, India"}},{"type":"Feature","geometry":{"type":"Point","coordinates":[74.3321005003005,14.900378799733]},"properties":{"name":"Mallapura PS","code":"PS - 745","dept":"164600924","kgis":"29563054786026040000HMPOLPUOFFPOS0001","id":"510","address":"SH6, Haratuga, Mallapura, Karwar taluk, Uttara Kannada, Karnataka, India"}},{"type":"Feature","geometry":{"type":"Point","coordinates":[74.1289719996781,14.8085980001772]},"properties":{"name":"Karwar Rural PS","code":"PS - 746","dept":"164600927","kgis":"29563054788030900000HMPOLPUOFFPOS0001","id":"511","address":"Karnataka Housing Board Colony, Karwar, Karwar taluk, Uttara Kannada, Karnataka, 581300, India"}},{"type":"Feature","geometry":{"type":"Point","coordinates":[74.1282251996878,14.8083933997968]},"properties":{"name":"Karwar Town PS","code":"PS - 747","dept":"164600926","kgis":"29563054788030900000HMPOLPUOFFPOS0002","id":"512","address":"Karnataka Housing Board Colony, Karwar, Karwar taluk, Uttara Kannada, Karnataka, 581300, India"}},{"type":"Feature","geometry":{"type":"Point","coordinates":[74.1270229996152,14.8083459997684]},"properties":{"name":"UK CEN CrimePS","code":"PS - 748","dept":"164602154","kgis":"29563054788030900000HMPOLPUOFFPOS0003","id":"513","address":"Karnataka Housing Board Colony, Karwar, Karwar taluk, Uttara Kannada, Karnataka, 581300, India"}},{"type":"Feature","geometry":{"type":"Point","coordinates":[75.0384309996159,14.9697090000839]},"properties":{"name":"Mundgod PS","code":"PS - 749","dept":"164600944","kgis":"29563054828030930000HMPOLPUOFFPOS0001","id":"514","address":"SH6, Mundgod, Mundagoda taluk, Uttara Kannada, Karnataka, 581349, India"}},{"type":"Feature","geometry":{"type":"Point","coordinates":[74.8937417509806,14.3451316895803]},"properties":{"name":"Siddapura PS","code":"PS - 750","dept":"164601678","kgis":"29563054868030970000HMPOLPUOFFPOS0001","id":"515","address":"Siddapura, Siddapura taluk, Uttara Kannada, Karnataka, India"}},{"type":"Feature","geometry":{"type":"Point","coordinates":[75.0212390561594,14.540638491595]},"properties":{"name":"Banavasi PS","code":"PS - 751","dept":"164601677","kgis":"29563054836033180000HMPOLPUOFFPOS0001","id":"516","address":"Ratha Beedhi, Banavasi, Shirasi Taluk, Uttara Kannada, Karnataka, 581318, India"}},{"type":"Feature","geometry":{"type":"Point","coordinates":[74.8412389998704,14.6210509997589]},"properties":{"name":"New Market PS","code":"PS - 752","dept":"164600942","kgis":"29563054838030940000HMPOLPUOFFPOS0001","id":"517","address":"Vinayaka colony, Sirsi, Shirasi Taluk, Uttara Kannada, Karnataka, 581401, India"}},{"type":"Feature","geometry":{"type":"Point","coordinates":[74.8377429997599,14.6255219999821]},"properties":{"name":"Sirsi Rural PS","code":"PS - 753","dept":"164600941","kgis":"29563054838030940000HMPOLPUOFFPOS0002","id":"518","address":"Akkamahadevi Circle, Sirsi, Shirasi Taluk, Uttara Kannada, Karnataka, 581401, India"}},{"type":"Feature","geometry":{"type":"Point","coordinates":[74.8252575379737,14.62419731329]},"properties":{"name":"Sirsi Town PS","code":"PS - 754","dept":"164600940","kgis":"29563054838030940000HMPOLPUOFFPOS0003","id":"519","address":"Sir. M. Vishveshvaraya circle, ಗಣೇಶನಗರ, Shirasi Taluk, Uttara Kannada, Karnataka, 581402, India"}},{"type":"Feature","geometry":{"type":"Point","coordinates":[75.56659799993,13.9305049996446]},"properties":{"name":"Doddapete PS","code":"PS - 755","dept":"164621000","kgis":"29568055208031370000HMPOLPUOFFPOS0001","id":"520","address":"Sagar Road, Kiadb Auto Complex, Shivamogga, Shivamogga taluk, Shimoga, Karnataka, 577200, India"}},{"type":"Feature","geometry":{"type":"Point","coordinates":[75.5544790004202,13.9237559999042]},"properties":{"name":"Tunganagara PS","code":"PS - 756","dept":"164621815","kgis":"29568055208031370000HMPOLPUOFFPOS0002","id":"521","address":"100 Ft Ring Road, Mandli, Shivamogga, Shivamogga taluk, Shimoga, Karnataka, 577200, India"}},{"type":"Feature","geometry":{"type":"Point","coordinates":[75.582763999689,13.9303599998032]},"properties":{"name":"Kote PS","code":"PS - 757","dept":"164621005","kgis":"29568055208031370000HMPOLPUOFFPOS0003","id":"522","address":"Lashkar Mohalla, Shivamogga, Shivamogga taluk, Shimoga, Karnataka, 577200, India"}},{"type":"Feature","geometry":{"type":"Point","coordinates":[75.5757700004611,13.9384369996585]},"properties":{"name":"Jayanagar PS","code":"PS - 758","dept":"164621006","kgis":"29568055208031370000HMPOLPUOFFPOS0004","id":"523","address":"Yalburgi Colony, Shivamogga, Shivamogga taluk, Shimoga, Karnataka, 577200, India"}},{"type":"Feature","geometry":{"type":"Point","coordinates":[75.5643560002636,13.9325780002476]},"properties":{"name":"Shimogga Rural PS","code":"PS - 759","dept":"164621002","kgis":"29568055208031370000HMPOLPUOFFPOS0005","id":"524","address":"Mission Compound, Shivamogga, Shivamogga taluk, Shimoga, Karnataka, 577200, India"}},{"type":"Feature","geometry":{"type":"Point","coordinates":[75.5645280003879,13.9323990000847]},"properties":{"name":"Shivamogga Women PS","code":"PS - 760","dept":"164621009","kgis":"29568055208031370000HMPOLPUOFFPOS0006","id":"525","address":"Mission Compound, Shivamogga, Shivamogga taluk, Shimoga, Karnataka, 577200, India"}},{"type":"Feature","geometry":{"type":"Point","coordinates":[75.560111000249,13.950526999747]},"properties":{"name":"Vibanagara PS","code":"PS - 761","dept":"164621887","kgis":"29568055208031370000HMPOLPUOFFPOS0007","id":"526","address":"Police Chowki, Shivamogga, Shivamogga taluk, Shimoga, Karnataka, 577200, India"}},{"type":"Feature","geometry":{"type":"Point","coordinates":[75.7020419995586,13.8210649999034]},"properties":{"name":"Paper Town PS","code":"PS - 762","dept":"164621020","kgis":"29568055218031380000HMPOLPUOFFPOS0001","id":"527","address":"Ujjanipura, Bhadravathi, Bhadravati taluk, Shimoga, Karnataka, 577300, India"}},{"type":"Feature","geometry":{"type":"Point","coordinates":[75.6910479997434,13.8377760002767]},"properties":{"name":"Bhadravathi New Town PS","code":"PS - 763","dept":"164621014","kgis":"29568055218031380000HMPOLPUOFFPOS0002","id":"528","address":"SH65, Jannapura, Bhadravathi, Bhadravati taluk, Shimoga, Karnataka, 577300, India"}},{"type":"Feature","geometry":{"type":"Point","coordinates":[75.702880000197,13.8468979997847]},"properties":{"name":"Bhadravathi Old Town PS","code":"PS - 764","dept":"164621013","kgis":"29568055218031380000HMPOLPUOFFPOS0003","id":"529","address":"Jannapura, Bhadravathi, Bhadravati taluk, Shimoga, Karnataka, 577300, India"}},{"type":"Feature","geometry":{"type":"Point","coordinates":[75.7037940002304,13.8520249998223]},"properties":{"name":"Hosamane PS","code":"PS - 765","dept":"164621933","kgis":"29568055218031380000HMPOLPUOFFPOS0004","id":"530","address":"Jannapura, Bhadravathi, Bhadravati taluk, Shimoga, Karnataka, 577300, India"}},{"type":"Feature","geometry":{"type":"Point","coordinates":[75.6856030002738,13.9887709998518]},"properties":{"name":"Holehonnur PS","code":"PS - 766","dept":"164621019","kgis":"29568055216085400000HMPOLPUOFFPOS0001","id":"531","address":"Sanyasikodamagge, Bhadravati taluk, Shimoga, Karnataka, India"}},{"type":"Feature","geometry":{"type":"Point","coordinates":[75.3912050004169,14.0609200004199]},"properties":{"name":"Kumsi PS","code":"PS - 767","dept":"164621004","kgis":"29568055206083120000HMPOLPUOFFPOS0001","id":"532","address":"Sagara Road, Ayanuru, Shivamogga taluk, Shimoga, Karnataka, 577211, India"}},{"type":"Feature","geometry":{"type":"Point","coordinates":[75.3488620001581,14.2733759998883]},"properties":{"name":"Shikaripura Rural PS","code":"PS - 768","dept":"164621886","kgis":"29568055178031340000HMPOLPUOFFPOS0001","id":"533","address":"Shikaripura, Shikaripura taluk, Shimoga, Karnataka, 577427, India"}},{"type":"Feature","geometry":{"type":"Point","coordinates":[75.3606960004107,14.2603160004474]},"properties":{"name":"Shikaripura Town PS","code":"PS - 769","dept":"164621031","kgis":"29568055178031340000HMPOLPUOFFPOS0002","id":"534","address":"SH57, Shikaripura, Shikaripura taluk, Shimoga, Karnataka, 577427, India"}},{"type":"Feature","geometry":{"type":"Point","coordinates":[75.249846999886,14.381316999614]},"properties":{"name":"Shiralakoppa PS","code":"PS - 770","dept":"164621032","kgis":"29568055178031330000HMPOLPUOFFPOS0001","id":"535","address":"SH62, Siralkoppa, Shikaripura taluk, Shimoga, Karnataka, 577428, India"}},{"type":"Feature","geometry":{"type":"Point","coordinates":[75.1506170001106,14.5627749999232]},"properties":{"name":"Anavatti PS","code":"PS - 771","dept":"164621664","kgis":"29568055166074250000HMPOLPUOFFPOS0001","id":"536","address":"Kodikoppa, Soraba taluk, Shimoga, Karnataka, 577413, India"}},{"type":"Feature","geometry":{"type":"Point","coordinates":[75.0994299999271,14.3810810003052]},"properties":{"name":"Soraba PS","code":"PS - 772","dept":"164621033","kgis":"29568055166075640000HMPOLPUOFFPOS0001","id":"537","address":"SH48, Soraba, Soraba taluk, Shimoga, Karnataka, 577429, India"}},{"type":"Feature","geometry":{"type":"Point","coordinates":[74.8148469996487,14.1900539997174]},"properties":{"name":"Kargal PS","code":"PS - 773","dept":"164621024","kgis":"29568055158031300000HMPOLPUOFFPOS0001","id":"538","address":"Kargal, Sagara taluk, Shimoga, Karnataka, 577421, India"}},{"type":"Feature","geometry":{"type":"Point","coordinates":[74.8146309997162,14.2094619996891]},"properties":{"name":"Joga PS","code":"PS - 774","dept":"164621027","kgis":"29568055158031300000HMPOLPUOFFPOS0002","id":"539","address":"SH50, Bazaar Line, Kargal, Sagara taluk, Shimoga, Karnataka, 577421, India"}},{"type":"Feature","geometry":{"type":"Point","coordinates":[75.0231890002776,14.1677760000143]},"properties":{"name":"Sagara Town PS","code":"PS - 775","dept":"164621022","kgis":"29568055158031310000HMPOLPUOFFPOS0001","id":"540","address":"NH69, Kambalikoppa, Sagara, Sagara taluk, Shimoga, Karnataka, 577400, India"}},{"type":"Feature","geometry":{"type":"Point","coordinates":[75.029620999564,13.8183299998455]},"properties":{"name":"Nagara PS","code":"PS - 776","dept":"164621900","kgis":"29568055186080320000HMPOLPUOFFPOS0001","id":"541","address":"NH766C, Mudugoppa, Hosanagara taluk, Shimoga, Karnataka, 577425, India"}},{"type":"Feature","geometry":{"type":"Point","coordinates":[75.0320689999283,14.1676749995936]},"properties":{"name":"Sagara Rural PS","code":"PS - 777","dept":"164621023","kgis":"29568055158031310000HMPOLPUOFFPOS0002","id":"542","address":"J. C. Road, Kambalikoppa, Sagara, Sagara taluk, Shimoga, Karnataka, 577400, India"}},{"type":"Feature","geometry":{"type":"Point","coordinates":[75.097434000409,13.5109009998969]},"properties":{"name":"Agumbe PS","code":"PS - 778","dept":"164621823","kgis":"29568055196082860000HMPOLPUOFFPOS0001","id":"543","address":"Agumbe, Tirthahalli taluk, Shimoga, Karnataka, 577411, India"}},{"type":"Feature","geometry":{"type":"Point","coordinates":[75.2597910002094,13.9932010003917]},"properties":{"name":"Rippanpete PS","code":"PS - 779","dept":"164621749","kgis":"29568055186079410000HMPOLPUOFFPOS0001","id":"544","address":"Shimoga Road, Rippanpete, Hosanagara taluk, Shimoga, Karnataka, 577438, India"}},{"type":"Feature","geometry":{"type":"Point","coordinates":[75.0657980001672,13.9158099997433]},"properties":{"name":"Hosanagara PS","code":"PS - 780","dept":"164621745","kgis":"29568055186078800000HMPOLPUOFFPOS0001","id":"545","address":"Varakodu, Hosanagara, Hosanagara taluk, Shimoga, Karnataka, 577418, India"}},{"type":"Feature","geometry":{"type":"Point","coordinates":[75.2461389997448,13.6982170001031]},"properties":{"name":"Thirthahalli PS","code":"PS - 781","dept":"164621010","kgis":"29568055196082110000HMPOLPUOFFPOS0001","id":"546","address":"Soppugudde, Tirthahalli, Tirthahalli taluk, Shimoga, Karnataka, 577432, India"}},{"type":"Feature","geometry":{"type":"Point","coordinates":[77.6678679998158,12.9191619996926]},"properties":{"name":"Bellanduru PS","code":"PS - 783","dept":"164432198","kgis":"29572055428031620000HMPOLPUOFFPOS0091","id":"547","address":"Sarjapura Road, Ambalipura, Kaikondrahalli, Shivanasamudra Ward, Bengaluru East City Corporation, Bengaluru, Bangalore South, Bengaluru Urban, Karnataka, 560103, India"}},{"type":"Feature","geometry":{"type":"Point","coordinates":[77.6828550001031,12.9550059996707]},"properties":{"name":"H.A.L. PS","code":"PS - 784","dept":"164431416","kgis":"29572055428031620000HMPOLPUOFFPOS0092","id":"548","address":"HAL Employees Quarters, Sangama Ward, Bengaluru East City Corporation, Bengaluru, Bangalore East, Bengaluru Urban, Karnataka, 560037, India"}},{"type":"Feature","geometry":{"type":"Point","coordinates":[77.6980390002911,12.9456189996246]},"properties":{"name":"Marathahalli PS","code":"PS - 785","dept":"164432199","kgis":"29572055428031620000HMPOLPUOFFPOS0093","id":"549","address":"Service Road, Kaadubeesanahalli, Panathur, Bengaluru East City Corporation, Bengaluru, Bangalore East, Bengaluru Urban, Karnataka, 560103, India"}},{"type":"Feature","geometry":{"type":"Point","coordinates":[77.7469200001009,12.9380340003015]},"properties":{"name":"Varthur PS","code":"PS - 786","dept":"164430259","kgis":"29572055428031620000HMPOLPUOFFPOS0094","id":"550","address":"Halasahalli Road, Varthur, Bengaluru East City Corporation, Bengaluru, Bangalore East, Bengaluru Urban, Karnataka, 560087, India"}},{"type":"Feature","geometry":{"type":"Point","coordinates":[77.693286999959,13.0090160001236]},"properties":{"name":"K.R. Puram PS","code":"PS - 787","dept":"164431405","kgis":"29572055428031620000HMPOLPUOFFPOS0095","id":"551","address":"TC Palaya Road, ITI Colony, T.C Palya, Bengaluru East City Corporation, Bengaluru, Bangalore East, Bengaluru Urban, Karnataka, 560036, India"}},{"type":"Feature","geometry":{"type":"Point","coordinates":[77.7578210000384,12.9954149997581]},"properties":{"name":"Kadugodi PS","code":"PS - 788","dept":"164430257","kgis":"29572055428031620000HMPOLPUOFFPOS0096","id":"552","address":"Belathur, Bengaluru East City Corporation, Bengaluru, Bangalore East, Bengaluru Urban, Karnataka, 560067, India"}},{"type":"Feature","geometry":{"type":"Point","coordinates":[77.6928279998912,12.9966939998372]},"properties":{"name":"Mahadevapura PS","code":"PS - 789","dept":"164431414","kgis":"29572055428031620000HMPOLPUOFFPOS0097","id":"553","address":"Whitefield Road, Devasandra, Bengaluru East City Corporation, Bengaluru, Bangalore East, Bengaluru Urban, Karnataka, 560048, India"}},{"type":"Feature","geometry":{"type":"Point","coordinates":[77.7510760001927,12.9753560004434]},"properties":{"name":"Whitefield PS","code":"PS - 790","dept":"164430258","kgis":"29572055428031620000HMPOLPUOFFPOS0098","id":"554","address":"White Field Police Station Road, Prestige White Meadows, Pattanduru Agrahara, S.M Krishna Ward, Bengaluru East City Corporation, Bengaluru, Bangalore East, Bengaluru Urban, Karnataka, 560066, India"}},{"type":"Feature","geometry":{"type":"Point","coordinates":[77.692886400445,12.7101184001285]},"properties":{"name":"Anekal PS","code":"PS - 791","dept":"164421330","kgis":"29572055458031630000HMPOLPUOFFPOS0001","id":"555","address":"SH35, Anekal, Bengaluru Urban, Karnataka, 562106, India"}},{"type":"Feature","geometry":{"type":"Point","coordinates":[77.5792525001605,12.8135433004012]},"properties":{"name":"Bannerghatta PS","code":"PS - 792","dept":"164421331","kgis":"29572055456131320000HMPOLPUOFFPOS0001","id":"556","address":"Bannerughatta, Anekal, Bengaluru Urban, Karnataka, 560083, India"}},{"type":"Feature","geometry":{"type":"Point","coordinates":[77.6392150996301,12.7824606995826]},"properties":{"name":"Jigani PS","code":"PS - 793","dept":"164422000","kgis":"29572055456133600000HMPOLPUOFFPOS0001","id":"557","address":"Sri Patalamma Layout Road, Jigani, Anekal, Bengaluru Urban, Karnataka, 560105, India"}},{"type":"Feature","geometry":{"type":"Point","coordinates":[77.6799321002329,12.8263711001822]},"properties":{"name":"Hebbagodi PS","code":"PS - 794","dept":"164421333","kgis":"29572055456133550000HMPOLPUOFFPOS0001","id":"558","address":"Hebbagodi, Anekal, Bengaluru Urban, Karnataka, 560099, India"}},{"type":"Feature","geometry":{"type":"Point","coordinates":[77.7812827002306,12.8607281002345]},"properties":{"name":"Sarjapura PS","code":"PS - 795","dept":"164421334","kgis":"29572055456133580000HMPOLPUOFFPOS0001","id":"559","address":"Sarjapura Road, Sarjapura, Anekal, Bengaluru Urban, Karnataka, 562125, India"}},{"type":"Feature","geometry":{"type":"Point","coordinates":[77.7804413997902,13.070119099763]},"properties":{"name":"Hosakote PS","code":"PS - 796","dept":"164420253","kgis":"29583056048032360000HMPOLPUOFFPOS0001","id":"560","address":"Hoskote, Hosakote taluk, Bengaluru North, Karnataka, 562114, India"}},{"type":"Feature","geometry":{"type":"Point","coordinates":[77.7457209996652,13.042326000046]},"properties":{"name":"Avalahally PS","code":"PS - 797","dept":"164421916","kgis":"29572055446131070000HMPOLPUOFFPOS0001","id":"561","address":"Old Madras Road, Bhandarpura, Bandapura, Bangalore East, Bengaluru Urban, Karnataka, 560049, India"}},{"type":"Feature","geometry":{"type":"Point","coordinates":[77.8213556279946,12.9747649611325]},"properties":{"name":"Anugondanahalli PS","code":"PS - 798","dept":"164421812","kgis":"29583056046257230000HMPOLPUOFFPOS0001","id":"562","address":"Dodda Dunnasandra, Hosakote taluk, Bengaluru North, Karnataka, 560117, India"}},{"type":"Feature","geometry":{"type":"Point","coordinates":[77.7801432000071,12.9887798996233]},"properties":{"name":"Thirumalashettahalli PS","code":"PS - 799","dept":"164421811","kgis":"29583056046257130000HMPOLPUOFFPOS0001","id":"563","address":"Thirumalashettihalli, Hosakote taluk, Bengaluru North, Karnataka, 560067, India"}},{"type":"Feature","geometry":{"type":"Point","coordinates":[77.9009028996525,13.2033729004414]},"properties":{"name":"Nandagudi PS","code":"PS - 800","dept":"164420254","kgis":"29583056046255500000HMPOLPUOFFPOS0001","id":"564","address":"Nandagudi, Hosakote taluk, Bengaluru North, Karnataka, 562122, India"}},{"type":"Feature","geometry":{"type":"Point","coordinates":[77.7887017004602,13.1844353001785]},"properties":{"name":"Sulibele PS","code":"PS - 801","dept":"164421816","kgis":"29583056046254910000HMPOLPUOFFPOS0001","id":"565","address":"Sulibele, Hosakote taluk, Bengaluru North, Karnataka, 562129, India"}},{"type":"Feature","geometry":{"type":"Point","coordinates":[77.6227640002983,13.2790430000011]},"properties":{"name":"Vishwanathapura PS","code":"PS - 802","dept":"164421878","kgis":"29583056036252730000HMPOLPUOFFPOS0001","id":"566","address":"Dodda Cheemanahalli, Devanahalli taluku, Bengaluru North, Karnataka, 562110, India"}},{"type":"Feature","geometry":{"type":"Point","coordinates":[77.800527800269,13.2942836995663]},"properties":{"name":"Vijayapura PS","code":"PS - 803","dept":"164420267","kgis":"29583056038032340000HMPOLPUOFFPOS0001","id":"567","address":"Vijayapura, Devanahalli taluku, Bengaluru North, Karnataka, 562135, India"}},{"type":"Feature","geometry":{"type":"Point","coordinates":[77.4228263001837,13.2882285996995]},"properties":{"name":"Doddabelavangala PS","code":"PS - 804","dept":"164420264","kgis":"29583056026251800000HMPOLPUOFFPOS0001","id":"568","address":"Doddabelavangala, Doddaballapura taluk, Bengaluru North, Karnataka, 561204, India"}},{"type":"Feature","geometry":{"type":"Point","coordinates":[77.5624243997917,13.1739705001471]},"properties":{"name":"Rajanukunte PS","code":"PS - 805","dept":"164421336","kgis":"29572055426128340000HMPOLPUOFFPOS0001","id":"569","address":"Rajanukunte, Rajanakunte, Yelahanka taluku, Bengaluru Urban, Karnataka, 560064, India"}},{"type":"Feature","geometry":{"type":"Point","coordinates":[77.3883896998318,13.0870719002239]},"properties":{"name":"Nelamangala Town PS","code":"PS - 806","dept":"164420271","kgis":"29583056016248860000HMPOLPUOFFPOS0001","id":"570","address":"Jakkasandra, Nelamangala taluk, Bengaluru North, Karnataka, 562123, India"}},{"type":"Feature","geometry":{"type":"Point","coordinates":[77.3883867004328,13.0870741001406]},"properties":{"name":"Nelamangala Rural PS","code":"PS - 807","dept":"164421913","kgis":"29583056016248860000HMPOLPUOFFPOS0002","id":"571","address":"Jakkasandra, Nelamangala taluk, Bengaluru North, Karnataka, 562123, India"}},{"type":"Feature","geometry":{"type":"Point","coordinates":[74.8168989996135,12.9525550002621]},"properties":{"name":"Panambur PS","code":"PS - 808","dept":"169801050","kgis":"29575055618031810000HMPOLPUOFFPOS0001","id":"572","address":"Baikampady Industrial Area, Baikampady, Mangaluru taluk, Dakshina Kannada, Karnataka, 575010, India"}},{"type":"Feature","geometry":{"type":"Point","coordinates":[74.8493489999597,12.9242290000163]},"properties":{"name":"Kavoor PS","code":"PS - 809","dept":"169801052","kgis":"29575055618031810000HMPOLPUOFFPOS0002","id":"573","address":"Shanthinagar, Kavoor, ಪಂಜಿಮೊಗರು, Mangaluru taluk, Dakshina Kannada, Karnataka, 575015, India"}},{"type":"Feature","geometry":{"type":"Point","coordinates":[74.8011130002436,12.9881750003396]},"properties":{"name":"Surathkal PS","code":"PS - 811","dept":"169801054","kgis":"29575055618031810000HMPOLPUOFFPOS0003","id":"574","address":"Surathkal, Mangaluru taluk, Dakshina Kannada, Karnataka, 575014, India"}},{"type":"Feature","geometry":{"type":"Point","coordinates":[74.7892839997271,13.0942629999292]},"properties":{"name":"Mulki PS","code":"PS - 812","dept":"169801068","kgis":"29575055618031790000HMPOLPUOFFPOS0001","id":"575","address":"Karnad, Mulki, Mulki taluk, Dakshina Kannada, Karnataka, 574154, India"}},{"type":"Feature","geometry":{"type":"Point","coordinates":[74.9999340001929,13.0664510000359]},"properties":{"name":"Moodabidre PS","code":"PS - 813","dept":"169801069","kgis":"29575055618031800000HMPOLPUOFFPOS0001","id":"576","address":"SH70, Moodabidri, Moodabidri taluk, Dakshina Kannada, Karnataka, 574227, India"}},{"type":"Feature","geometry":{"type":"Point","coordinates":[74.8335019997197,12.8642720003151]},"properties":{"name":"Mangaluru North PS","code":"PS - 814","dept":"169801041","kgis":"29575055618031810000HMPOLPUOFFPOS0004","id":"577","address":"Azizuddin Road, Alake, Bunder, Mangaluru, Mangaluru taluk, Dakshina Kannada, Karnataka, 575001, India"}},{"type":"Feature","geometry":{"type":"Point","coordinates":[74.8526099996943,12.8903029995572]},"properties":{"name":"Mangaluru East PS","code":"PS - 816","dept":"169801043","kgis":"29575055618031810000HMPOLPUOFFPOS0006","id":"578","address":"George Fernandes Road, Kadri, Mangaluru, Mangaluru taluk, Dakshina Kannada, Karnataka, 575001, India"}},{"type":"Feature","geometry":{"type":"Point","coordinates":[74.828781000387,12.8992229999857]},"properties":{"name":"Urva PS","code":"PS - 817","dept":"169801046","kgis":"29575055618031810000HMPOLPUOFFPOS0007","id":"579","address":"Urva, Mangaluru, Mangaluru taluk, Dakshina Kannada, Karnataka, 575001, India"}},{"type":"Feature","geometry":{"type":"Point","coordinates":[74.8382127998191,12.8568916003367]},"properties":{"name":"Mangaluru Women PS","code":"PS - 818","dept":"169801047","kgis":"29575055618031810000HMPOLPUOFFPOS0008","id":"580","address":"Pandeshwara, Bunder, Mangaluru, Mangaluru taluk, Dakshina Kannada, Karnataka, 575001, India"}},{"type":"Feature","geometry":{"type":"Point","coordinates":[74.8399299998815,12.8549829999593]},"properties":{"name":"Mangaluru South PS","code":"PS - 819","dept":"169801042","kgis":"29575055618031810000HMPOLPUOFFPOS0009","id":"581","address":"Mangala Devi Temple Road, Pandeshwara, Bunder, Mangaluru, Mangaluru taluk, Dakshina Kannada, Karnataka, 575001, India"}},{"type":"Feature","geometry":{"type":"Point","coordinates":[74.8776419998545,12.88219929994]},"properties":{"name":"Mangaluru Rural PS","code":"PS - 820","dept":"169801056","kgis":"29575055618031810000HMPOLPUOFFPOS0010","id":"582","address":"NH73, Maroli, Padil, Mangaluru, Mangaluru taluk, Dakshina Kannada, Karnataka, 575001, India"}},{"type":"Feature","geometry":{"type":"Point","coordinates":[74.8726400000404,12.8698300002255]},"properties":{"name":"Kankanady Town PS","code":"PS - 821","dept":"169802171","kgis":"29575055618031810000HMPOLPUOFFPOS0011","id":"583","address":"Nethravati Nagara, Kankanady, Mangaluru, Mangaluru taluk, Dakshina Kannada, Karnataka, 575001, India"}},{"type":"Feature","geometry":{"type":"Point","coordinates":[74.9154199996671,12.8094969995511]},"properties":{"name":"Konaje PS","code":"PS - 822","dept":"169801055","kgis":"29575055616175140000HMPOLPUOFFPOS0001","id":"584","address":"Asaigoli, Ullala taluk, Dakshina Kannada, Karnataka, 574199, India"}},{"type":"Feature","geometry":{"type":"Point","coordinates":[74.8415710000816,12.8195060004003]},"properties":{"name":"Ullal PS","code":"PS - 823","dept":"169801059","kgis":"29575055618031820000HMPOLPUOFFPOS0001","id":"585","address":"Ullal, Ullala taluk, Dakshina Kannada, Karnataka, 574159, India"}},{"type":"Feature","geometry":{"type":"Point","coordinates":[75.4735646873454,15.1202848551357]},"properties":{"name":"Lakshmeshwar PS","code":"PS - 826","dept":"164401563","kgis":"29579055828032070000HMPOLPUOFFPOS0010","id":"586","address":"SH23, Bastibana, Lakshmeshvara, Lakshmeshvara taluku, Gadag, Karnataka, 582116, India"}},{"type":"Feature","geometry":{"type":"Point","coordinates":[75.6557194457004,16.1172363103006]},"properties":{"name":"Bagalkot Town PS","code":"PS - 827","dept":"164701236","kgis":"29579055828032070000HMPOLPUOFFPOS0011","id":"587","address":"Badami taluku, Bagalkote, Karnataka, 587205, India"}},{"type":"Feature","geometry":{"type":"Point","coordinates":[76.5342669999315,14.095090000349]},"properties":{"name":"Imangala PS","code":"PS - 829","dept":"164490511","kgis":"29566055086060600000HMPOLPUOFFPOS0001","id":"588","address":"Aimangala, Hiriyuru taluk, Chitradurga, Karnataka, 577558, India"}},{"type":"Feature","geometry":{"type":"Point","coordinates":[76.7457030000174,14.7180229999007]},"properties":{"name":"Molakalmuru PS","code":"PS - 830","dept":"164490507","kgis":"29566055038031180000HMPOLPUOFFPOS0001","id":"589","address":"Devareddihalli, Molakalmuru, Molakalmuru taluku, Chitradurga, Karnataka, 577535, India"}},{"type":"Feature","geometry":{"type":"Point","coordinates":[76.4036630002954,14.2240100001111]},"properties":{"name":"Chitradurga Town PS","code":"PS - 831","dept":"164490489","kgis":"29566055056056000000HMPOLPUOFFPOS0001","id":"590","address":"SH48, Chitradurga, Chitradurga taluku, Chitradurga, Karnataka, 577500, India"}},{"type":"Feature","geometry":{"type":"Point","coordinates":[76.7515920003006,14.0417150000132]},"properties":{"name":"Abbinahole PS","code":"PS - 832","dept":"164490512","kgis":"29566055086060970000HMPOLPUOFFPOS0001","id":"591","address":"Sangenahalli, Hiriyuru taluk, Chitradurga, Karnataka, 577585, India"}},{"type":"Feature","geometry":{"type":"Point","coordinates":[74.6932490004634,16.0278369999957]},"properties":{"name":"Ankalgi PS","code":"PS - 833","dept":"164440324","kgis":"29555054365974930000HMPOLPUOFFPOS0001","id":"592","address":"SH54, Ankalagi, Gokak taluku, Belagavi, Karnataka, 591101, India"}},{"type":"Feature","geometry":{"type":"Point","coordinates":[75.06000800015,16.7266850002997]},"properties":{"name":"Athani PS","code":"PS - 834","dept":"164441485","kgis":"29555054348030240000HMPOLPUOFFPOS0001","id":"593","address":"NH548B, Athani, Athani taluku, Belagavi, Karnataka, 591304, India"}},{"type":"Feature","geometry":{"type":"Point","coordinates":[76.962817525583,17.8756991860418]},"properties":{"name":"Basava Kalyana Rural PS","code":"PS - 835","dept":"164460403","kgis":"29558054548030570000HMPOLPUOFFPOS0002","id":"594","address":"Basavakalyana, Kitta, Basavakalyana taluku, Bidar, Karnataka, 585327, India"}},{"type":"Feature","geometry":{"type":"Point","coordinates":[75.9898819125936,12.0187571021511]},"properties":{"name":"Srimangala PS","code":"PS - 836","dept":"164511632","kgis":"29576055686180740000HMPOLPUOFFPOS0001","id":"595","address":"Srimangala, Ponnampete taluk, Kodagu, Karnataka, 571217, India"}},{"type":"Feature","geometry":{"type":"Point","coordinates":[76.1709389998177,15.566830999975]},"properties":{"name":"Bevoor PS","code":"PS - 837","dept":"164681167","kgis":"29560054646013180000HMPOLPUOFFPOS0001","id":"596","address":"SH36, Narasapura, Yelaburga taluku, Koppal, Karnataka, 583237, India"}},{"type":"Feature","geometry":{"type":"Point","coordinates":[76.8674950000699,17.3269999998699]},"properties":{"name":"MB Nagar PS","code":"PS - 838","dept":"169850704","kgis":"29579055828032070000HMPOLPUOFFPOS0008","id":"597","address":"Rajapura, Kalaburagi, Kalaburagi taluku, Kalaburagi, Karnataka, 585101, India"}},{"type":"Feature","geometry":{"type":"Point","coordinates":[76.8374040001368,17.3379090000034]},"properties":{"name":"Chowka PS","code":"PS - 839","dept":"169850695","kgis":"29579055828032070000HMPOLPUOFFPOS0009","id":"598","address":"Rauza, Kalaburagi, Kalaburagi taluku, Kalaburagi, Karnataka, 585101, India"}},{"type":"Feature","geometry":{"type":"Point","coordinates":[75.8018299998595,13.0454269998852]},"properties":{"name":"Arehalli PS","code":"PS - 840","dept":"164550753","kgis":"29574055546151440000HMPOLPUOFFPOS0001","id":"599","address":"Salavara, Bommenahalli, Beluru taluk, Hassan, Karnataka, 573101, India"}},{"type":"Feature","geometry":{"type":"Point","coordinates":[77.0317710000826,13.1509749997908]},"properties":{"name":"HebburuPS","code":"PS - 842","dept":"164641636","kgis":"29571055376115320000HMPOLPUOFFPOS0001","id":"600","address":"Ramenahalli, Hebburu, Tumkur taluk, Tumakuru, Karnataka, 572120, India"}},{"type":"Feature","geometry":{"type":"Point","coordinates":[74.7120525119919,14.9652695811726]},"properties":{"name":"YellapuraPS","code":"PS - 890","dept":"164601679","kgis":"29563054818030920000HMPOLPUOFFPOS0001","id":"601","address":"Yellapura, Yallapura taluk, Uttara Kannada, Karnataka, 581359, India"}},{"type":"Feature","geometry":{"type":"Point","coordinates":[77.7716710001049,12.7789360000593]},"properties":{"name":"Attibele PS","code":"PS - 843","dept":"164421332","kgis":"29572055456133590000HMPOLPUOFFPOS0001","id":"602","address":"Attibele, Anekal, Bengaluru Urban, Karnataka, 562107, India"}},{"type":"Feature","geometry":{"type":"Point","coordinates":[77.4610749998091,13.4392470002062]},"properties":{"name":"Hosahalli PS","code":"PS - 845","dept":"164421335","kgis":"29583056026249610000HMPOLPUOFFPOS0001","id":"603","address":"Ujjani Hosahalli, Doddaballapura taluk, Bengaluru North, Karnataka, 561203, India"}},{"type":"Feature","geometry":{"type":"Point","coordinates":[77.2422319998178,13.2307609999756]},"properties":{"name":"Dobbespet PS","code":"PS - 846","dept":"164420272","kgis":"29583056016247440000HMPOLPUOFFPOS0001","id":"604","address":"Sompura, Dabaspete, Nelamangala taluk, Bengaluru North, Karnataka, 562111, India"}},{"type":"Feature","geometry":{"type":"Point","coordinates":[77.3005339996233,13.2160730002358]},"properties":{"name":"Thyamagondlu PS","code":"PS - 847","dept":"164420273","kgis":"29583056016248230000HMPOLPUOFFPOS0001","id":"605","address":"Thyamagondlu, Muddalinganahalli, Nelamangala taluk, Bengaluru North, Karnataka, 562132, India"}},{"type":"Feature","geometry":{"type":"Point","coordinates":[77.4623099998741,13.0622470002623]},"properties":{"name":"Madhanayakanahally PS","code":"PS - 848","dept":"164421914","kgis":"29572055426129510000HMPOLPUOFFPOS0001","id":"606","address":"Kuduregere Main Road, Soundarya Layout, Bagalagunte, Bengaluru North City Corporation, Bengaluru, Bangalore North, Bengaluru Urban, Karnataka, 560090, India"}},{"type":"Feature","geometry":{"type":"Point","coordinates":[77.7049370001704,12.7928960000553]},"properties":{"name":"Suryanagar PS","code":"PS - 849","dept":"164422144","kgis":"29572055456132650000HMPOLPUOFFPOS0001","id":"607","address":"Iggaluru, Kittaganahalli, Anekal, Bengaluru Urban, Karnataka, 562107, India"}},{"type":"Feature","geometry":{"type":"Point","coordinates":[77.6101850003906,12.9716320001726]},"properties":{"name":"Ashoknagar PS","code":"PS - 850","dept":"164431389","kgis":"29572055428031620000HMPOLPUOFFPOS0100","id":"608","address":"Commissariat Road, Corporation Quarters, Ashok Nagar, Ashokanagar, Bengaluru Central City Corporation, Bengaluru, Bangalore North, Bengaluru Urban, Karnataka, 560025, India"}},{"type":"Feature","geometry":{"type":"Point","coordinates":[74.1287643155449,14.8081974519154]},"properties":{"name":"UK Women PS","code":"PS - 844","dept":"164602218","kgis":"29563054788030900000HMPOLPUOFFPOS0004","id":"609","address":"Karnataka Housing Board Colony, Karwar, Karwar taluk, Uttara Kannada, Karnataka, 581300, India"}},{"type":"Feature","geometry":{"type":"Point","coordinates":[77.5831449995862,12.9609289995745]},"properties":{"name":"S.J. Park PS","code":"PS - 851","dept":"164431392","kgis":"29572055428031620000HMPOLPUOFFPOS0101","id":"610","address":"೫ನೇ ಅಡ್ಡ ರಸ್ತೆ, SilverJubilee Park Ward, Bengaluru Central City Corporation, Bengaluru, Bangalore North, Bengaluru Urban, Karnataka, 560002, India"}},{"type":"Feature","geometry":{"type":"Point","coordinates":[77.6704359997402,13.1400419997494]},"properties":{"name":"Bagalur PS","code":"PS - 852","dept":"164431822","kgis":"29572055426129150000HMPOLPUOFFPOS0001","id":"611","address":"SH104, Bagaluru, Yelahanka taluku, Bengaluru Urban, Karnataka, 562149, India"}},{"type":"Feature","geometry":{"type":"Point","coordinates":[77.5614549998024,12.9362359996876]},"properties":{"name":"Hanumathanagar PS","code":"PS - 853","dept":"164431366","kgis":"29572055428031620000HMPOLPUOFFPOS0102","id":"612","address":"Banashankari 1st Stage, Ashoka Nagara, Bengaluru West City Corporation, Bengaluru, Bangalore North, Bengaluru Urban, Karnataka, 560050, India"}},{"type":"Feature","geometry":{"type":"Point","coordinates":[77.6243380001586,12.8782620001631]},"properties":{"name":"Begur PS","code":"PS - 854","dept":"164432194","kgis":"29572055428031620000HMPOLPUOFFPOS0103","id":"613","address":"Beguru, Bengaluru South City Corporation, Bengaluru, Bangalore South, Bengaluru Urban, Karnataka, 560076, India"}},{"type":"Feature","geometry":{"type":"Point","coordinates":[77.6000710004058,12.8766460003129]},"properties":{"name":"Hulimavu PS","code":"PS - 855","dept":"164431798","kgis":"29572055428031620000HMPOLPUOFFPOS0104","id":"614","address":"Cave Temple Road, Hulimavu, Bengaluru South City Corporation, Bengaluru, Bangalore South, Bengaluru Urban, Karnataka, 560076, India"}},{"type":"Feature","geometry":{"type":"Point","coordinates":[77.610659000147,12.9086119998238]},"properties":{"name":"Mico Layout PS","code":"PS - 856","dept":"164431381","kgis":"29572055428031620000HMPOLPUOFFPOS0105","id":"615","address":"12th Cross Road, Mahadeshwara Nagara, N.S Palya, Bengaluru South City Corporation, Bengaluru, Bangalore South, Bengaluru Urban, Karnataka, 560076, India"}},{"type":"Feature","geometry":{"type":"Point","coordinates":[76.9119893355174,15.1200727097952]},"properties":{"name":"Ballari APMC Yard PS","code":"PS - 870","dept":"164451920","kgis":"29565055008031140000HMPOLPUOFFPOS0005","id":"616","address":"Cowl Bazar, Guggarahatti, Bellary taluk, Ballari, Karnataka, 583102, India"}},{"type":"Feature","geometry":{"type":"Point","coordinates":[76.378147810104,15.2613173836515]},"properties":{"name":"Hospete extension PS","code":"PS - 872","dept":"169860352","kgis":"29565054988031090000HMPOLPUOFFPOS0003","id":"617","address":"Amaravati, Hosapete, Hosapete taluk, Vijayanagara, Karnataka, 583200, India"}},{"type":"Feature","geometry":{"type":"Point","coordinates":[76.3410900196889,15.2634830508049]},"properties":{"name":"T.B. Dam PS","code":"PS - 873","dept":"169860353","kgis":"29565054988031090000HMPOLPUOFFPOS0004","id":"618","address":"Tungabhadra Colony, Hosapete, Hosapete taluk, Vijayanagara, Karnataka, 583200, India"}},{"type":"Feature","geometry":{"type":"Point","coordinates":[76.9198003222493,15.1528987201765]},"properties":{"name":"Ballari Women PS","code":"PS - 874","dept":"164452205","kgis":"29565055008031140000HMPOLPUOFFPOS0006","id":"619","address":"Bidar-Srirangapatna Road, Havambhavi, Ballari, Bellary taluk, Ballari, Karnataka, 583101, India"}},{"type":"Feature","geometry":{"type":"Point","coordinates":[77.5643861813388,13.0839867258753]},"properties":{"name":"Vidyaranyapura PS","code":"PS - 857","dept":"164430015","kgis":"29572055428031620000HMPOLPUOFFPOS0106","id":"620","address":"HMT Layout, Vidyaranyapura, Bengaluru North City Corporation, Bengaluru, Yelahanka taluku, Bengaluru Urban, Karnataka, 560097, India"}},{"type":"Feature","geometry":{"type":"Point","coordinates":[77.0615165780437,13.4375669966888]},"properties":{"name":"Kora PS","code":"PS - 865","dept":"164641091","kgis":"29571055376113380000HMPOLPUOFFPOS0001","id":"621","address":"Kora, Tumkur taluk, Tumakuru, Karnataka, 572128, India"}},{"type":"Feature","geometry":{"type":"Point","coordinates":[77.1198497923468,13.3174263965002]},"properties":{"name":"Jayanagara PS","code":"PS - 864","dept":"164642119","kgis":"29571055378031570000HMPOLPUOFFPOS0005","id":"622","address":"Tumakuru, Tumkur taluk, Tumakuru, Karnataka, 572101, India"}},{"type":"Feature","geometry":{"type":"Point","coordinates":[77.309849152736,13.3653069798512]},"properties":{"name":"Kolala PS","code":"PS - 861","dept":"164642122","kgis":"29571055366112320000HMPOLPUOFFPOS0001","id":"623","address":"Kolala, Koratagere taluku, Tumakuru, Karnataka, 572129, India"}},{"type":"Feature","geometry":{"type":"Point","coordinates":[77.1054696603324,13.3481368136203]},"properties":{"name":"Tumkur Women PS","code":"PS - 867","dept":"164642120","kgis":"29571055378031570000HMPOLPUOFFPOS0006","id":"624","address":"Tumakuru, Tumkur taluk, Tumakuru, Karnataka, 572101, India"}},{"type":"Feature","geometry":{"type":"Point","coordinates":[77.9378744423732,13.0040625565255]},"properties":{"name":"Malur PS","code":"PS - 858","dept":"164570811","kgis":"29581055928032220000HMPOLPUOFFPOS0001","id":"625","address":"Maluru, Maluru taluk, Kolar, Karnataka, 562116, India"}},{"type":"Feature","geometry":{"type":"Point","coordinates":[78.1335376050286,13.1328199952886]},"properties":{"name":"Kolar Women PS","code":"PS - 869","dept":"164572151","kgis":"29581055918032210000HMPOLPUOFFPOS0007","id":"626","address":"Harohalli, Kolar, Kolar taluk, Kolar, Karnataka, 563101, India"}},{"type":"Feature","geometry":{"type":"Point","coordinates":[77.5446304954841,13.3086500744019]},"properties":{"name":"Doddaballapura Town PS","code":"PS - 877","dept":"164420262","kgis":"29583056026252470000HMPOLPUOFFPOS0001","id":"627","address":"SH-9, Doddaballapura, Doddaballapura taluk, Bengaluru North, Karnataka, 561203, India"}},{"type":"Feature","geometry":{"type":"Point","coordinates":[78.05344842821,13.4009020896407]},"properties":{"name":"Chinthamani Rural PS","code":"PS - 878","dept":"169760824","kgis":"29582056008032310000HMPOLPUOFFPOS0002","id":"628","address":"Chintamani, Chintamani taluk, Chikkaballapura, Karnataka, 563125, India"}},{"type":"Feature","geometry":{"type":"Point","coordinates":[75.6869140239428,13.8257444363277]},"properties":{"name":"Bhadravathi Rural PS","code":"PS - 859","dept":"164621018","kgis":"29568055218031380000HMPOLPUOFFPOS0005","id":"629","address":"SH65, Jannapura, Bullapura, Bhadravati taluk, Shimoga, Karnataka, 577300, India"}},{"type":"Feature","geometry":{"type":"Point","coordinates":[76.5455972595296,14.4681222415151]},"properties":{"name":"Nayakanahatti PS","code":"PS - 866","dept":"164490502","kgis":"29566055046052490000HMPOLPUOFFPOS0001","id":"630","address":"SH45, Nayakanahatti, Challakere taluku, Chitradurga, Karnataka, 577536, India"}},{"type":"Feature","geometry":{"type":"Point","coordinates":[77.0413860804016,14.0840889883304]},"properties":{"name":"Arsikere PS","code":"PS - 862","dept":"164641659","kgis":"29571055346106250000HMPOLPUOFFPOS0001","id":"631","address":"ಗೊಳ್ಳರಹಟ್ಟಿ, Virahanumakkana Palya, Pavagada taluk, Tumakuru, Karnataka, India"}},{"type":"Feature","geometry":{"type":"Point","coordinates":[76.8819304300341,13.1512179863433]},"properties":{"name":"Chandrashekarpura PS","code":"PS - 863","dept":"164641095","kgis":"29571055386119400000HMPOLPUOFFPOS0001","id":"632","address":"SH84, Kambasandra, Harivesandra, Gubbi taluk, Tumakuru, Karnataka, 572219, India"}},{"type":"Feature","geometry":{"type":"Point","coordinates":[76.9877231125126,17.5807971223409]},"properties":{"name":"Kamalapur PS","code":"PS - 879","dept":"164540710","kgis":"29579055826201980000HMPOLPUOFFPOS0001","id":"633","address":"Kamalapura, Kamalapura Taluku, Kalaburagi, Karnataka, 585313, India"}},{"type":"Feature","geometry":{"type":"Point","coordinates":[76.1509590040027,15.3485979843193]},"properties":{"name":"Koppal Women PS","code":"PS - 880","dept":"164682207","kgis":"29560054678030730000HMPOLPUOFFPOS0004","id":"634","address":"Bhagyanagara, Koppala, Koppala taluku, Koppal, Karnataka, 583231, India"}},{"type":"Feature","geometry":{"type":"Point","coordinates":[77.1160595497585,16.7732241213106]},"properties":{"name":"Yadgir CEN Crime PS","code":"PS - 881","dept":"169782236","kgis":"29580055898032190000HMPOLPUOFFPOS0004","id":"635","address":"Raichur - Wadi Road, Mudnal Sanna Tanda, Chamnalli Tanda, Yadagiri taluku, Yadgir, Karnataka, 585202, India"}},{"type":"Feature","geometry":{"type":"Point","coordinates":[77.620667999617,12.9209999998742]},"properties":{"name":"Madiwala PS","code":"PS - 155","dept":"164431380","kgis":"29572055428031620000HMPOLPUOFFPOS0069","id":"636","address":"Madiwala Sarjapura Road, Sidhartha Colony, Kormangala West, Bengaluru South City Corporation, Bengaluru, Bangalore South, Bengaluru Urban, Karnataka, 560034, India"}},{"type":"Feature","geometry":{"type":"Point","coordinates":[77.6249800003253,12.9106199997205]},"properties":{"name":"Bommanahalli PS","code":"PS - 156","dept":"164432141","kgis":"29572055428031620000HMPOLPUOFFPOS0070","id":"637","address":"Roopena Agrahara, Bommanahalli, Kodi Chikkanahalli, Bengaluru South City Corporation, Bengaluru, Bangalore South, Bengaluru Urban, Karnataka, 560068, India"}},{"type":"Feature","geometry":{"type":"Point","coordinates":[77.0346219997046,12.8247299995681]},"properties":{"name":"Huliyurdurga PS","code":"PS - 266","dept":"164641099","kgis":"29571055416127280000HMPOLPUOFFPOS0001","id":"638","address":"Huliyurudurga, Kunigal taluk, Tumakuru, Karnataka, 572123, India"}},{"type":"Feature","geometry":{"type":"Point","coordinates":[76.6686000000028,13.1639000002822]},"properties":{"name":"Turuvkere PS","code":"PS - 267","dept":"164641102","kgis":"29571055408031600000HMPOLPUOFFPOS0001","id":"639","address":"NH150A, Havala, Turuvekere, Turuvekere taluk, Tumakuru, Karnataka, 572227, India"}},{"type":"Feature","geometry":{"type":"Point","coordinates":[76.711799999877,13.2538000002059]},"properties":{"name":"Dandinashivara PS","code":"PS - 268","dept":"164641103","kgis":"29571055406122740000HMPOLPUOFFPOS0001","id":"640","address":"Ammasandra, Turuvekere taluk, Tumakuru, Karnataka, India"}},{"type":"Feature","geometry":{"type":"Point","coordinates":[77.1486830002103,13.3082620001205]},"properties":{"name":"Kyathasadra PS","code":"PS - 269","dept":"164641635","kgis":"29571055378031570000HMPOLPUOFFPOS0001","id":"641","address":"Kyatasandra, Kallahalli, Tumkur taluk, Tumakuru, Karnataka, 572101, India"}},{"type":"Feature","geometry":{"type":"Point","coordinates":[77.1034480004008,13.3449009996581]},"properties":{"name":"Tumakur Town PS","code":"PS - 270","dept":"164641080","kgis":"29571055378031570000HMPOLPUOFFPOS0002","id":"642","address":"Tumakuru, Tumkur taluk, Tumakuru, Karnataka, 572101, India"}},{"type":"Feature","geometry":{"type":"Point","coordinates":[77.1059380002592,13.3422429999316]},"properties":{"name":"Tumakur Rural PS","code":"PS - 271","dept":"164641089","kgis":"29571055378031570000HMPOLPUOFFPOS0003","id":"643","address":"Kariappa Road, Tumakuru, Tumkur taluk, Tumakuru, Karnataka, 572101, India"}},{"type":"Feature","geometry":{"type":"Point","coordinates":[77.0175909370316,13.4146458720677]},"properties":{"name":"Bellavi PS","code":"PS - 272","dept":"164641090","kgis":"29571055376112720000HMPOLPUOFFPOS0001","id":"644","address":"Dodderi, Tumkur taluk, Tumakuru, Karnataka, India"}},{"type":"Feature","geometry":{"type":"Point","coordinates":[77.0904960003251,13.3422609995482]},"properties":{"name":"Thilak Park PS","code":"PS - 273","dept":"164641084","kgis":"29571055378031570000HMPOLPUOFFPOS0004","id":"645","address":"Tumakuru, Tumkur taluk, Tumakuru, Karnataka, 572101, India"}},{"type":"Feature","geometry":{"type":"Point","coordinates":[76.9212900004214,13.8876099997928]},"properties":{"name":"Patanayakanahalli PS","code":"PS - 274","dept":"164641645","kgis":"29571055336103340000HMPOLPUOFFPOS0001","id":"646","address":"ಬೆಸ್ತರಮೋರೆ, Yadaladaku, Sira taluk, Tumakuru, Karnataka, 572113, India"}},{"type":"Feature","geometry":{"type":"Point","coordinates":[76.8039480001678,13.7964590002689]},"properties":{"name":"Tavarekere PS","code":"PS - 275","dept":"164641646","kgis":"29571055336103240000HMPOLPUOFFPOS0001","id":"647","address":"Maranagere, Tavarakere, Sira taluk, Tumakuru, Karnataka, 572139, India"}},{"type":"Feature","geometry":{"type":"Point","coordinates":[76.3882049997656,13.3328300003482]},"properties":{"name":"Honnavalli PS","code":"PS - 251","dept":"164641113","kgis":"29571055396119940000HMPOLPUOFFPOS0001","id":"648","address":"Honnavalli, Tipaturu taluk, Tumakuru, Karnataka, India"}},{"type":"Feature","geometry":{"type":"Point","coordinates":[76.6400769999736,13.3089089997333]},"properties":{"name":"K.B. Cross PS","code":"PS - 252","dept":"164641934","kgis":"29571055396120380000HMPOLPUOFFPOS0001","id":"649","address":"NH73, Kibbanahalli, Tipaturu taluk, Tumakuru, Karnataka, 572114, India"}},{"type":"Feature","geometry":{"type":"Point","coordinates":[76.555435600315,13.1655345000612]},"properties":{"name":"Nonavinakere PS","code":"PS - 253","dept":"164641112","kgis":"29571055396121440000HMPOLPUOFFPOS0001","id":"650","address":"Nonavinakere, Tipaturu taluk, Tumakuru, Karnataka, India"}},{"type":"Feature","geometry":{"type":"Point","coordinates":[76.46446055803,13.2610541549328]},"properties":{"name":"Tiptur Rural PS","code":"PS - 254","dept":"164641111","kgis":"29571055396120970000HMPOLPUOFFPOS0001","id":"651","address":"Bengaluru Honnavara Road, Maranagere, Tiptur, Tipaturu taluk, Tumakuru, Karnataka, 572200, India"}},{"type":"Feature","geometry":{"type":"Point","coordinates":[76.460899000126,13.2612110002443]},"properties":{"name":"Tiptur Town PS","code":"PS - 255","dept":"164641107","kgis":"29571055396120970000HMPOLPUOFFPOS0002","id":"652","address":"Bengaluru Honnavara Road, Maranagere, Tiptur, Tipaturu taluk, Tumakuru, Karnataka, 572200, India"}},{"type":"Feature","geometry":{"type":"Point","coordinates":[77.3855400004463,13.7173100002827]},"properties":{"name":"Kodigenahalli PS","code":"PS - 256","dept":"164641656","kgis":"29571055356109230000HMPOLPUOFFPOS0001","id":"653","address":"SH158, Haralapura, Chikkamaluru, Madhugiri taluk, Tumakuru, Karnataka, 572127, India"}},{"type":"Feature","geometry":{"type":"Point","coordinates":[77.2090279998617,13.6624799996144]},"properties":{"name":"Madhugiri PS","code":"PS - 257","dept":"164641655","kgis":"29571055356108500000HMPOLPUOFFPOS0001","id":"654","address":"NH69, Madhugiri, Madhugiri taluk, Tumakuru, Karnataka, 572132, India"}},{"type":"Feature","geometry":{"type":"Point","coordinates":[77.20529848099,13.8326204889191]},"properties":{"name":"Medigeshi PS","code":"PS - 258","dept":"164641657","kgis":"29571055356106850000HMPOLPUOFFPOS0001","id":"655","address":"SH3, Tippagondanahalli, Madhugiri taluk, Tumakuru, Karnataka, 572133, India"}},{"type":"Feature","geometry":{"type":"Point","coordinates":[77.2413650999194,13.5270469997859]},"properties":{"name":"Koratagere PS","code":"PS - 259","dept":"164641643","kgis":"29571055366110740000HMPOLPUOFFPOS0001","id":"656","address":"Mudalapanne, Koratagere taluku, Tumakuru, Karnataka, 572129, India"}},{"type":"Feature","geometry":{"type":"Point","coordinates":[77.1739219999071,14.2793770003388]},"properties":{"name":"Y. N. Hosakote PS","code":"PS - 260","dept":"164641660","kgis":"29571055346105270000HMPOLPUOFFPOS0001","id":"657","address":"Yallappa Nayakana Hosakote, Pavagada taluk, Tumakuru, Karnataka, India"}},{"type":"Feature","geometry":{"type":"Point","coordinates":[77.4404805405636,14.2410352493768]},"properties":{"name":"Thirumani PS","code":"PS - 261","dept":"164641661","kgis":"29571055346105840000HMPOLPUOFFPOS0001","id":"658","address":"Annadanapura, Rayacharlu, Pavagada taluk, Tumakuru, Karnataka, India"}},{"type":"Feature","geometry":{"type":"Point","coordinates":[77.0648799999065,13.6756610003453]},"properties":{"name":"Badavanahalli PS","code":"PS - 262","dept":"164641806","kgis":"29571055356107550000HMPOLPUOFFPOS0001","id":"659","address":"NH69, Kote, Guligenahalli, Madhugiri taluk, Tumakuru, Karnataka, India"}},{"type":"Feature","geometry":{"type":"Point","coordinates":[77.2837199995753,14.1008379999369]},"properties":{"name":"Pavagada PS","code":"PS - 263","dept":"164641658","kgis":"29571055348031540000HMPOLPUOFFPOS0001","id":"660","address":"SH3, Roppa, Pavagada, Pavagada taluk, Tumakuru, Karnataka, 561202, India"}},{"type":"Feature","geometry":{"type":"Point","coordinates":[77.0191666667406,13.0210000002689]},"properties":{"name":"kunigal PS","code":"PS - 264","dept":"164641098","kgis":"29571055418031610000HMPOLPUOFFPOS0001","id":"661","address":"Pete, Kunigal, Kunigal taluk, Tumakuru, Karnataka, 572130, India"}},{"type":"Feature","geometry":{"type":"Point","coordinates":[76.9346000003283,12.9145999999895]},"properties":{"name":"Amruthur PS","code":"PS - 265","dept":"164641100","kgis":"29571055416126600000HMPOLPUOFFPOS0001","id":"662","address":"SH84, Hanchipura, Kunigal taluk, Tumakuru, Karnataka, India"}},{"type":"Feature","geometry":{"type":"Point","coordinates":[76.6303839996796,12.3471340004536]},"properties":{"name":"Metagalli PS","code":"PS - 451","dept":"169730042","kgis":"29577055728031940000HMPOLPUOFFPOS0014","id":"663","address":"Kumbara Koppalu, Metagalli, Mysuru, Mysuru taluk, Mysuru District, Karnataka, 570001, India"}},{"type":"Feature","geometry":{"type":"Point","coordinates":[75.136056000175,15.9854119995746]},"properties":{"name":"Katkol PS","code":"PS - 499","dept":"164441473","kgis":"29555054425983610000HMPOLPUOFFPOS0001","id":"664","address":"SH83, Katakola, Ramadurga taluku, Belagavi, Karnataka, India"}},{"type":"Feature","geometry":{"type":"Point","coordinates":[75.2948579999534,15.9493149998041]},"properties":{"name":"Ramadurga PS","code":"PS - 500","dept":"164441472","kgis":"29555054425983760000HMPOLPUOFFPOS0001","id":"665","address":"Ramadurga, Ramadurga taluku, Belagavi, Karnataka, India"}},{"type":"Feature","geometry":{"type":"Point","coordinates":[74.9269049995994,15.8866790002661]},"properties":{"name":"Murgod PS","code":"PS - 501","dept":"164441470","kgis":"29555054415982050000HMPOLPUOFFPOS0001","id":"666","address":"SH138, Inchala, Savadatti taluku, Belagavi, Karnataka, 591119, India"}},{"type":"Feature","geometry":{"type":"Point","coordinates":[75.1080159996343,15.763274000294]},"properties":{"name":"Soundatti PS","code":"PS - 502","dept":"164441468","kgis":"29555054418030370000HMPOLPUOFFPOS0001","id":"667","address":"Savadatti, Savadatti taluku, Belagavi, Karnataka, 591126, India"}},{"type":"Feature","geometry":{"type":"Point","coordinates":[74.7400280000106,15.4316689998837]},"properties":{"name":"Alnavar PS","code":"PS - 503","dept":"164520610","kgis":"29562054738030840000HMPOLPUOFFPOS0001","id":"668","address":"Sirsi - Belagavi Highway, Alnavar, Alnavara taluku, Dharwad, Karnataka, India"}},{"type":"Feature","geometry":{"type":"Point","coordinates":[74.9879009494425,15.4718184459285]},"properties":{"name":"Dharwad Rural PS","code":"PS - 504","dept":"164520608","kgis":"29562054738030830000HMPOLPUOFFPOS0004","id":"669","address":"Sadhanakeri, Dharwad, Dharawada taluku, Dharwad, Karnataka, 580001, India"}},{"type":"Feature","geometry":{"type":"Point","coordinates":[74.9293330000009,15.5701110004214]},"properties":{"name":"Garag PS","code":"PS - 505","dept":"164520609","kgis":"29562054736022150000HMPOLPUOFFPOS0001","id":"670","address":"SH73, Garag, Dharawada taluku, Dharwad, Karnataka, 581105, India"}},{"type":"Feature","geometry":{"type":"Point","coordinates":[75.3628449997187,15.1214899997718]},"properties":{"name":"Gudageri PS","code":"PS - 506","dept":"164521929","kgis":"29562054776025690000HMPOLPUOFFPOS0001","id":"671","address":"Gudageri, Kundagola taluku, Dharwad, Karnataka, India"}},{"type":"Feature","geometry":{"type":"Point","coordinates":[74.9920058908383,15.471329473365]},"properties":{"name":"Dharwad Women PS","code":"PS - 507","dept":"164522184","kgis":"29562054738030830000HMPOLPUOFFPOS0005","id":"672","address":"Sadhanakeri, Dharwad, Dharawada taluku, Dharwad, Karnataka, 580001, India"}},{"type":"Feature","geometry":{"type":"Point","coordinates":[75.1596939999173,15.3508059998508]},"properties":{"name":"Hubballi Rural PS","code":"PS - 508","dept":"164521538","kgis":"29562054758030830000HMPOLPUOFFPOS0013","id":"673","address":"Hubballi, Hubballi Urban Taluku, Dharwad, Karnataka, 580020, India"}},{"type":"Feature","geometry":{"type":"Point","coordinates":[74.9689389997879,15.1748239995643]},"properties":{"name":"Kalaghatagi PS","code":"PS - 509","dept":"164521535","kgis":"29562054768030870000HMPOLPUOFFPOS0001","id":"674","address":"Kalaghatagi, Kalaghatagi taluku, Dharwad, Karnataka, 581204, India"}},{"type":"Feature","geometry":{"type":"Point","coordinates":[75.2401110000923,15.2597499999868]},"properties":{"name":"Kundagol PS","code":"PS - 510","dept":"164521540","kgis":"29562054776025190000HMPOLPUOFFPOS0001","id":"675","address":"SH73, Kundagola, Kundagola taluku, Dharwad, Karnataka, India"}},{"type":"Feature","geometry":{"type":"Point","coordinates":[75.3583599997987,15.5569720004049]},"properties":{"name":"Navalgund PS","code":"PS - 513","dept":"164520612","kgis":"29562054748030850000HMPOLPUOFFPOS0001","id":"676","address":"Navalgund, Navalagunda taluku, Dharwad, Karnataka, 582208, India"}},{"type":"Feature","geometry":{"type":"Point","coordinates":[75.4335279997175,15.4293889996275]},"properties":{"name":"Annigeri PS","code":"PS - 515","dept":"164520613","kgis":"29562054748030860000HMPOLPUOFFPOS0001","id":"677","address":"Annigeri, Annigeri taluku, Dharwad, Karnataka, 582201, India"}},{"type":"Feature","geometry":{"type":"Point","coordinates":[75.6468818515471,15.4452623455419]},"properties":{"name":"Betageri PS","code":"PS - 516","dept":"164401558","kgis":"29561054708030780000HMPOLPUOFFPOS0001","id":"678","address":"Pala Badami Road, Betageri, Narasapura, Gadag taluk, Gadag, Karnataka, 582102, India"}},{"type":"Feature","geometry":{"type":"Point","coordinates":[75.6522139996588,15.4276390003914]},"properties":{"name":"Betageri Extention PS","code":"PS - 517","dept":"164401559","kgis":"29561054708030780000HMPOLPUOFFPOS0002","id":"679","address":"Betageri, Gadag-Betageri, Gadag taluk, Gadag, Karnataka, 582102, India"}},{"type":"Feature","geometry":{"type":"Point","coordinates":[75.635170000408,15.4344020000632]},"properties":{"name":"Gadag Rural PS","code":"PS - 518","dept":"164400179","kgis":"29561054708030780000HMPOLPUOFFPOS0003","id":"680","address":"Pala Badami Road, Krishnanagara, Gadag-Betageri, Gadag taluk, Gadag, Karnataka, 582101, India"}},{"type":"Feature","geometry":{"type":"Point","coordinates":[75.5181200000679,15.2822060001572]},"properties":{"name":"Mulagund PS","code":"PS - 519","dept":"164400180","kgis":"29561054706020470000HMPOLPUOFFPOS0001","id":"681","address":"SH136, Mulagunda, Gadag taluk, Gadag, Karnataka, 582117, India"}},{"type":"Feature","geometry":{"type":"Point","coordinates":[75.6327235381656,15.4297675788183]},"properties":{"name":"Gadag Town PS","code":"PS - 520","dept":"164400175","kgis":"29561054708030780000HMPOLPUOFFPOS0004","id":"682","address":"Bus Stand Road, Krishnanagara, Gadag-Betageri, Gadag taluk, Gadag, Karnataka, 582101, India"}},{"type":"Feature","geometry":{"type":"Point","coordinates":[75.6327235381656,15.4297675788183]},"properties":{"name":"Gadag Women PS","code":"PS - 521","dept":"164402186","kgis":"29561054708030780000HMPOLPUOFFPOS0005","id":"683","address":"Bus Stand Road, Krishnanagara, Gadag-Betageri, Gadag taluk, Gadag, Karnataka, 582101, India"}},{"type":"Feature","geometry":{"type":"Point","coordinates":[75.5831111113781,15.2372777778357]},"properties":{"name":"Shirahatti PS","code":"PS - 522","dept":"164401562","kgis":"29561054716020950000HMPOLPUOFFPOS0001","id":"684","address":"Shirahatti, Shirahatti taluku, Gadag, Karnataka, 582120, India"}},{"type":"Feature","geometry":{"type":"Point","coordinates":[75.8838055556117,15.2110000000128]},"properties":{"name":"Mundargi PS","code":"PS - 523","dept":"164401567","kgis":"29561054726021580000HMPOLPUOFFPOS0001","id":"685","address":"Ashraya Badavane, Mundaragi, Mundargi taluku, Gadag, Karnataka, 582118, India"}},{"type":"Feature","geometry":{"type":"Point","coordinates":[76.9370479998021,13.6398120002565]},"properties":{"name":"Kallambella PS","code":"PS - 276","dept":"164641644","kgis":"29571055336104690000HMPOLPUOFFPOS0001","id":"686","address":"Maralegaudana Palya, Sira taluk, Tumakuru, Karnataka, 572125, India"}},{"type":"Feature","geometry":{"type":"Point","coordinates":[76.906944444205,13.4416666667111]},"properties":{"name":"Chelur PS","code":"PS - 277","dept":"164641094","kgis":"29571055386117040000HMPOLPUOFFPOS0001","id":"687","address":"SH84, Cheluru, Gubbi taluk, Tumakuru, Karnataka, 572117, India"}},{"type":"Feature","geometry":{"type":"Point","coordinates":[76.9485350002891,13.3093888890137]},"properties":{"name":"Gubbi PS","code":"PS - 278","dept":"164641093","kgis":"29571055388031580000HMPOLPUOFFPOS0001","id":"688","address":"Gubbi, Gubbi taluk, Tumakuru, Karnataka, 572216, India"}},{"type":"Feature","geometry":{"type":"Point","coordinates":[76.9033333326313,13.7441666671294]},"properties":{"name":"Sira PS","code":"PS - 279","dept":"164641642","kgis":"29571055336103860000HMPOLPUOFFPOS0001","id":"689","address":"Soppinahatti, Sira, Sira taluk, Tumakuru, Karnataka, 572137, India"}},{"type":"Feature","geometry":{"type":"Point","coordinates":[76.6485999996673,14.3146999999861]},"properties":{"name":"Challakere PS","code":"PS - 280","dept":"164490500","kgis":"29566055048031190000HMPOLPUOFFPOS0001","id":"690","address":"Chitradurga Road, Kattappanahatti, Challakere, Challakere taluku, Chitradurga, Karnataka, 577522, India"}},{"type":"Feature","geometry":{"type":"Point","coordinates":[76.883600000337,14.2551999995606]},"properties":{"name":"Parasurampura PS","code":"PS - 281","dept":"164490504","kgis":"29566055046053960000HMPOLPUOFFPOS0001","id":"691","address":"SH48, Parasurampura, Challakere taluku, Chitradurga, Karnataka, 577538, India"}},{"type":"Feature","geometry":{"type":"Point","coordinates":[76.6735000000248,14.4481999997834]},"properties":{"name":"Thalak PS","code":"PS - 282","dept":"164490503","kgis":"29566055046053030000HMPOLPUOFFPOS0001","id":"692","address":"Talaku, Challakere taluku, Chitradurga, Karnataka, 577543, India"}},{"type":"Feature","geometry":{"type":"Point","coordinates":[76.7842000004404,14.8848000002066]},"properties":{"name":"Rampura PS","code":"PS - 283","dept":"164490508","kgis":"29566055036051640000HMPOLPUOFFPOS0001","id":"693","address":"NH150A, Ramapura, Molakalmuru taluku, Chitradurga, Karnataka, 577540, India"}},{"type":"Feature","geometry":{"type":"Point","coordinates":[76.1922999999702,14.3697000003646]},"properties":{"name":"Bharamasagara PS","code":"PS - 284","dept":"164490494","kgis":"29566055056054560000HMPOLPUOFFPOS0001","id":"694","address":"Bharamasagara, Chitradurga taluku, Chitradurga, Karnataka, 577519, India"}},{"type":"Feature","geometry":{"type":"Point","coordinates":[76.4038999998647,14.2360000003353]},"properties":{"name":"Chitradurga Rural PS","code":"PS - 285","dept":"164490493","kgis":"29566055058031200000HMPOLPUOFFPOS0001","id":"695","address":"Bidar - Lakshmisagara Highway, Lakshmisagara, Chitradurga, Chitradurga taluku, Chitradurga, Karnataka, 577500, India"}},{"type":"Feature","geometry":{"type":"Point","coordinates":[76.4385542413628,14.403752185026]},"properties":{"name":"Turuvanur (Jogi) PS","code":"PS - 286","dept":"164490495","kgis":"29566055056054960000HMPOLPUOFFPOS0001","id":"696","address":"Kadabanakatte, Chitradurga taluku, Chitradurga, Karnataka, India"}},{"type":"Feature","geometry":{"type":"Point","coordinates":[76.3874000004641,14.217500000258]},"properties":{"name":"Chitradurga Kote PS","code":"PS - 287","dept":"164490490","kgis":"29566055058031200000HMPOLPUOFFPOS0002","id":"697","address":"Chitradurga Road, Devalagiri 1st Phase, Chitradurga, Chitradurga taluku, Chitradurga, Karnataka, 577500, India"}},{"type":"Feature","geometry":{"type":"Point","coordinates":[76.4132099997115,14.2284400003598]},"properties":{"name":"Chitradurga Extension PS","code":"PS - 288","dept":"164492212","kgis":"29566055058031200000HMPOLPUOFFPOS0003","id":"698","address":"Chitradurga, Chitradurga taluku, Chitradurga, Karnataka, 577500, India"}},{"type":"Feature","geometry":{"type":"Point","coordinates":[76.4132099997115,14.2284400003598]},"properties":{"name":"Chitradurga Women PS","code":"PS - 289","dept":"164492118","kgis":"29566055058031200000HMPOLPUOFFPOS0004","id":"699","address":"Chitradurga, Chitradurga taluku, Chitradurga, Karnataka, 577500, India"}},{"type":"Feature","geometry":{"type":"Point","coordinates":[76.1397000001606,14.1275000000201]},"properties":{"name":"Chikkajajur PS","code":"PS - 290","dept":"164490499","kgis":"29566055066058200000HMPOLPUOFFPOS0001","id":"700","address":"Chikkajajuru, Holalkere taluk, Chitradurga, Karnataka, 577523, India"}},{"type":"Feature","geometry":{"type":"Point","coordinates":[76.2724089996065,14.0958519999375]},"properties":{"name":"Chitrahalli Gate PS","code":"PS - 291","dept":"164492135","kgis":"29566055066057680000HMPOLPUOFFPOS0001","id":"701","address":"Chitradurga Road, Halehalli, Shivaganga, Holalkere taluk, Chitradurga, Karnataka, India"}},{"type":"Feature","geometry":{"type":"Point","coordinates":[76.1847129998134,14.0412599996055]},"properties":{"name":"Holalkere PS","code":"PS - 292","dept":"164490498","kgis":"29566055066057400000HMPOLPUOFFPOS0001","id":"702","address":"Holalkere, Holalkere taluk, Chitradurga, Karnataka, 577526, India"}},{"type":"Feature","geometry":{"type":"Point","coordinates":[76.6109350001849,13.9593267003771]},"properties":{"name":"Hiriyur Rural PS","code":"PS - 293","dept":"164491925","kgis":"29566055088031230000HMPOLPUOFFPOS0001","id":"703","address":"NH48, Huchchavvanahalli, Hiriyuru taluk, Chitradurga, Karnataka, 577598, India"}},{"type":"Feature","geometry":{"type":"Point","coordinates":[76.6145000001013,13.9447000004285]},"properties":{"name":"Hiriyur Town PS","code":"PS - 294","dept":"164490509","kgis":"29566055088031230000HMPOLPUOFFPOS0002","id":"704","address":"Hiriyur, Hiriyuru taluk, Chitradurga, Karnataka, 572143, India"}},{"type":"Feature","geometry":{"type":"Point","coordinates":[76.2822600001276,13.7979500003097]},"properties":{"name":"Hosadurga PS","code":"PS - 295","dept":"164490513","kgis":"29566055078031220000HMPOLPUOFFPOS0001","id":"705","address":"First Main Road, Hosadurga, Hosadurga taluku, Chitradurga, Karnataka, 577527, India"}},{"type":"Feature","geometry":{"type":"Point","coordinates":[76.4205000000863,13.6191000004381]},"properties":{"name":"Srirampura PS","code":"PS - 296","dept":"164490516","kgis":"29566055076059990000HMPOLPUOFFPOS0001","id":"706","address":"SH47, Malappanahalli, Somasandra, Hosadurga taluku, Chitradurga, Karnataka, 577542, India"}},{"type":"Feature","geometry":{"type":"Point","coordinates":[75.9198360004108,14.4648180001195]},"properties":{"name":"Davanagere Extention PS","code":"PS - 297","dept":"164380101","kgis":"29567055128031270000HMPOLPUOFFPOS0001","id":"707","address":"Old Court Road, K.B. Extension, Davanagere, Davanagere Taluku, Davanagere, Karnataka, 577000, India"}},{"type":"Feature","geometry":{"type":"Point","coordinates":[75.9246790004481,14.4540969997243]},"properties":{"name":"K.T.J Nagar PS","code":"PS - 298","dept":"164380102","kgis":"29567055128031270000HMPOLPUOFFPOS0002","id":"708","address":"K.T. Jambanna Nagara, Davanagere, Davanagere Taluku, Davanagere, Karnataka, 577000, India"}},{"type":"Feature","geometry":{"type":"Point","coordinates":[75.9160730001771,14.4346749996828]},"properties":{"name":"Vidyanagar PS","code":"PS - 299","dept":"164380103","kgis":"29567055128031270000HMPOLPUOFFPOS0003","id":"709","address":"Nituvalli, Davanagere, Davanagere Taluku, Davanagere, Karnataka, 577000, India"}},{"type":"Feature","geometry":{"type":"Point","coordinates":[75.9201730004233,14.4651259995522]},"properties":{"name":"Davangere Women PS","code":"PS - 300","dept":"164381520","kgis":"29567055128031270000HMPOLPUOFFPOS0004","id":"710","address":"K.B. Extension, Davanagere, Davanagere Taluku, Davanagere, Karnataka, 577000, India"}},{"type":"Feature","geometry":{"type":"Point","coordinates":[75.9253489998062,14.4808990000607]},"properties":{"name":"Azad Nagar PS","code":"PS - 301","dept":"164380098","kgis":"29567055128031270000HMPOLPUOFFPOS0005","id":"711","address":"Anekonda, K.B. Extension, Davanagere, Davanagere Taluku, Davanagere, Karnataka, 577000, India"}},{"type":"Feature","geometry":{"type":"Point","coordinates":[77.3894290002896,16.8655020004296]},"properties":{"name":"Gurmitkal PS","code":"PS - 423","dept":"169780691","kgis":"29580055896212640000HMPOLPUOFFPOS0001","id":"712","address":"SH126, Gurumathakal, Gurumitkal taluku, Yadgir, Karnataka, 585214, India"}},{"type":"Feature","geometry":{"type":"Point","coordinates":[76.5285199997087,16.4563410002557]},"properties":{"name":"Hunsagi PS","code":"PS - 424","dept":"169781615","kgis":"29580055876209450000HMPOLPUOFFPOS0001","id":"713","address":"Hunasagi, Hunasagi taluka, Yadgir, Karnataka, 585215, India"}},{"type":"Feature","geometry":{"type":"Point","coordinates":[76.4065669999787,16.3539170000801]},"properties":{"name":"Kodekal PS","code":"PS - 425","dept":"169781603","kgis":"29580055876209710000HMPOLPUOFFPOS0001","id":"714","address":"Kodekala, Hunasagi taluka, Yadgir, Karnataka, 585237, India"}},{"type":"Feature","geometry":{"type":"Point","coordinates":[76.5323860003148,16.647738999663]},"properties":{"name":"Kembhavi PS","code":"PS - 426","dept":"169781599","kgis":"29580055876208890000HMPOLPUOFFPOS0001","id":"715","address":"Kembhavi, Shorapur, Yadgir, Karnataka, 585216, India"}},{"type":"Feature","geometry":{"type":"Point","coordinates":[76.3686909995406,16.2556789997452]},"properties":{"name":"Narayanpur PS","code":"PS - 427","dept":"169781601","kgis":"29580055876209910000HMPOLPUOFFPOS0001","id":"716","address":"Narayanapura, Hunasagi taluka, Yadgir, Karnataka, 585219, India"}},{"type":"Feature","geometry":{"type":"Point","coordinates":[77.2522740000659,16.5748039999117]},"properties":{"name":"Saidapur PS","code":"PS - 428","dept":"169780692","kgis":"29580055896213880000HMPOLPUOFFPOS0001","id":"717","address":"SH127, Saidapur Station Area, Saidapura, Yadagiri taluku, Yadgir, Karnataka, 585221, India"}},{"type":"Feature","geometry":{"type":"Point","coordinates":[76.8417829999687,16.6994799996544]},"properties":{"name":"Shahapur PS","code":"PS - 429","dept":"169780699","kgis":"29580055888032170000HMPOLPUOFFPOS0001","id":"718","address":"Halisagara, Shahapura, Shahapura taluku, Yadgir, Karnataka, 585223, India"}},{"type":"Feature","geometry":{"type":"Point","coordinates":[76.7594650000373,16.5258959998599]},"properties":{"name":"Shorapur PS","code":"PS - 430","dept":"169781598","kgis":"29580055878032150000HMPOLPUOFFPOS0001","id":"719","address":"Rangampet, Surapura, Shorapur, Yadgir, Karnataka, 585224, India"}},{"type":"Feature","geometry":{"type":"Point","coordinates":[77.1005489996263,16.5930719996412]},"properties":{"name":"Wadagera PS","code":"PS - 431","dept":"169781596","kgis":"29580055886211920000HMPOLPUOFFPOS0001","id":"720","address":"Vadagera, Wadagera taluku, Yadgir, Karnataka, India"}},{"type":"Feature","geometry":{"type":"Point","coordinates":[77.1378460000837,16.7716039996392]},"properties":{"name":"Yadgir Town PS","code":"PS - 432","dept":"169781589","kgis":"29580055898032190000HMPOLPUOFFPOS0001","id":"721","address":"Yadgiri, Yadagiri taluku, Yadgir, Karnataka, 585200, India"}},{"type":"Feature","geometry":{"type":"Point","coordinates":[77.1323480002489,16.7627640003998]},"properties":{"name":"Yadgir Rural PS","code":"PS - 433","dept":"169781590","kgis":"29580055898032190000HMPOLPUOFFPOS0002","id":"722","address":"Yadgiri, Yadagiri taluku, Yadgir, Karnataka, 585200, India"}},{"type":"Feature","geometry":{"type":"Point","coordinates":[77.1323480002489,16.7627640003998]},"properties":{"name":"Yadgir Women PS","code":"PS - 434","dept":"169782183","kgis":"29580055898032190000HMPOLPUOFFPOS0003","id":"723","address":"Yadgiri, Yadagiri taluku, Yadgir, Karnataka, 585200, India"}},{"type":"Feature","geometry":{"type":"Point","coordinates":[76.7037689004229,12.3071192100217]},"properties":{"name":"Alanahally PS","code":"PS - 436","dept":"169732174","kgis":"29577055726188360000HMPOLPUOFFPOS0001","id":"724","address":"Alanahalli, Mysuru, Mysuru taluk, Mysuru District, Karnataka, 570001, India"}},{"type":"Feature","geometry":{"type":"Point","coordinates":[76.6494189999812,12.3128230003215]},"properties":{"name":"Devaraja PS","code":"PS - 437","dept":"169730052","kgis":"29577055728031940000HMPOLPUOFFPOS0002","id":"725","address":"Dhanvantri Road, Mandi Mohalla, Mysuru, Mysuru taluk, Mysuru District, Karnataka, 570001, India"}},{"type":"Feature","geometry":{"type":"Point","coordinates":[76.6567916603507,12.3144027908781]},"properties":{"name":"Lashkar PS","code":"PS - 438","dept":"169730053","kgis":"29577055728031940000HMPOLPUOFFPOS0003","id":"726","address":"Ashoka Road, Mandi Mohalla, Mysuru, Mysuru taluk, Mysuru District, Karnataka, 570001, India"}},{"type":"Feature","geometry":{"type":"Point","coordinates":[76.6673269999795,12.3082760001403]},"properties":{"name":"Nazarbad PS","code":"PS - 439","dept":"169730054","kgis":"29577055728031940000HMPOLPUOFFPOS0004","id":"727","address":"Nazarabad Main Road, Century Layout, Nazarbad, Mysuru, Mysuru taluk, Mysuru District, Karnataka, 570001, India"}},{"type":"Feature","geometry":{"type":"Point","coordinates":[76.6809440001246,12.3267900003402]},"properties":{"name":"Udayagiri PS","code":"PS - 440","dept":"169730055","kgis":"29577055728031940000HMPOLPUOFFPOS0005","id":"728","address":"ಅಜೀಜ್‌ ಸೇಠ್‌ ಮುಖ್ಯ ರಸ್ತೆ, Udayagiri, Mysuru, Mysuru taluk, Mysuru District, Karnataka, 570001, India"}},{"type":"Feature","geometry":{"type":"Point","coordinates":[76.6568210000169,12.3014316000704]},"properties":{"name":"Women PS Mysuru City","code":"PS - 441","dept":"169730056","kgis":"29577055728031940000HMPOLPUOFFPOS0006","id":"729","address":"Ittigegudu, Mysuru, Mysuru taluk, Mysuru District, Karnataka, 570001, India"}},{"type":"Feature","geometry":{"type":"Point","coordinates":[76.6312979999431,12.2893060002719]},"properties":{"name":"Ashokpuram PS","code":"PS - 442","dept":"169730048","kgis":"29577055728031940000HMPOLPUOFFPOS0007","id":"730","address":"Kuvempunagara, Mysuru, Mysuru taluk, Mysuru District, Karnataka, 570001, India"}},{"type":"Feature","geometry":{"type":"Point","coordinates":[76.6502959366214,12.2979102314074]},"properties":{"name":"Krishnaraja PS","code":"PS - 443","dept":"169730046","kgis":"29577055728031940000HMPOLPUOFFPOS0008","id":"731","address":"Vani Vilasa Road, Vani Vilas, Mysuru, Mysuru taluk, Mysuru District, Karnataka, 570001, India"}},{"type":"Feature","geometry":{"type":"Point","coordinates":[76.627722000175,12.2860780003566]},"properties":{"name":"Kuvempunagar PS","code":"PS - 444","dept":"169730051","kgis":"29577055728031940000HMPOLPUOFFPOS0009","id":"732","address":"Kuvempunagara, Mysuru, Mysuru taluk, Mysuru District, Karnataka, 570001, India"}},{"type":"Feature","geometry":{"type":"Point","coordinates":[76.6428379996766,12.2977360003455]},"properties":{"name":"Laxmipuram PS","code":"PS - 445","dept":"169730049","kgis":"29577055728031940000HMPOLPUOFFPOS0010","id":"733","address":"Jhansi Lakshmibai Road, Chamarajapuram, Mysuru, Mysuru taluk, Mysuru District, Karnataka, 570001, India"}},{"type":"Feature","geometry":{"type":"Point","coordinates":[76.6239630001804,12.3017490003132]},"properties":{"name":"Saraswathipuram PS","code":"PS - 446","dept":"169730050","kgis":"29577055728031940000HMPOLPUOFFPOS0011","id":"734","address":"Sarasvatipuram, Mysuru, Mysuru taluk, Mysuru District, Karnataka, 570001, India"}},{"type":"Feature","geometry":{"type":"Point","coordinates":[76.6446324746981,12.2632986768268]},"properties":{"name":"Vidyaranyarpuram PS","code":"PS - 447","dept":"169730047","kgis":"29577055728031940000HMPOLPUOFFPOS0012","id":"735","address":"9th Main Road, JP Nagar, Mysuru, Mysuru taluk, Mysuru District, Karnataka, 570001, India"}},{"type":"Feature","geometry":{"type":"Point","coordinates":[76.6161044153904,12.3532704229885]},"properties":{"name":"Hebbal PS","code":"PS - 448","dept":"169732177","kgis":"29577055726188330000HMPOLPUOFFPOS0001","id":"736","address":"Hebbalu, Mysuru, Mysuru taluk, Mysuru District, Karnataka, 570001, India"}},{"type":"Feature","geometry":{"type":"Point","coordinates":[76.6129925631637,12.3236901559182]},"properties":{"name":"Jayalakshmipuram PS","code":"PS - 449","dept":"169730043","kgis":"29577055726188290000HMPOLPUOFFPOS0001","id":"737","address":"Jayalakshmipuram Road, Jayalakshmipuram, Mysuru, Mysuru taluk, Mysuru District, Karnataka, 570001, India"}},{"type":"Feature","geometry":{"type":"Point","coordinates":[76.6541940000986,12.3163369997298]},"properties":{"name":"Mandi PS","code":"PS - 450","dept":"169730040","kgis":"29577055728031940000HMPOLPUOFFPOS0013","id":"738","address":"Mandi Mohalla, Mysuru, Mysuru taluk, Mysuru District, Karnataka, 570001, India"}},{"type":"Feature","geometry":{"type":"Point","coordinates":[75.3883261174758,15.7212902142725]},"properties":{"name":"Naragund PS","code":"PS - 524","dept":"164401568","kgis":"29561054686018720000HMPOLPUOFFPOS0001","id":"739","address":"NH52, Samapur, Naragunda, Naragunda taluk, Gadag, Karnataka, 582200, India"}},{"type":"Feature","geometry":{"type":"Point","coordinates":[75.967010000407,15.7359199997003]},"properties":{"name":"Gajendragad PS","code":"PS - 525","dept":"164401566","kgis":"29561054698030760000HMPOLPUOFFPOS0001","id":"740","address":"Gaudageri, Gajendragad, Gajendragad taluku, Gadag, Karnataka, 582114, India"}},{"type":"Feature","geometry":{"type":"Point","coordinates":[75.8055689290355,15.5702531290992]},"properties":{"name":"Naregal PS","code":"PS - 526","dept":"164401565","kgis":"29561054698030770000HMPOLPUOFFPOS0001","id":"741","address":"SH6, Gaudageri, Gajendragad, Gajendragad taluku, Gadag, Karnataka, India"}},{"type":"Feature","geometry":{"type":"Point","coordinates":[75.735676376687,15.6921271180652]},"properties":{"name":"Ron PS","code":"PS - 527","dept":"164401564","kgis":"29561054698030750000HMPOLPUOFFPOS0001","id":"742","address":"SH83, Ron, Rona taluku, Gadag, Karnataka, 582209, India"}},{"type":"Feature","geometry":{"type":"Point","coordinates":[75.8977699998408,16.343020000317]},"properties":{"name":"Alamatti PS","code":"PS - 528","dept":"164471924","kgis":"29557054525994910000HMPOLPUOFFPOS0001","id":"743","address":"Alamatti, Nidagundi Taluku, Vijayapura, Karnataka, India"}},{"type":"Feature","geometry":{"type":"Point","coordinates":[75.9689999997507,16.5720999995958]},"properties":{"name":"Basavan Bagewadi PS","code":"PS - 529","dept":"164470429","kgis":"29557054528030540000HMPOLPUOFFPOS0001","id":"744","address":"Basavana Bagevadi, Basavana Bagevadi Taluku, Vijayapura, Karnataka, 586203, India"}},{"type":"Feature","geometry":{"type":"Point","coordinates":[75.6862534277492,16.4869407384441]},"properties":{"name":"Kolhar PS","code":"PS - 530","dept":"164470430","kgis":"29557054525994530000HMPOLPUOFFPOS0001","id":"745","address":"Kolahara, Kolahara Taluku, Vijayapura, Karnataka, 586210, India"}},{"type":"Feature","geometry":{"type":"Point","coordinates":[75.8168800003536,16.6486500003095]},"properties":{"name":"Managoli PS","code":"PS - 531","dept":"164470431","kgis":"29557054525994950000HMPOLPUOFFPOS0001","id":"746","address":"SH61, Managoli, Basavana Bagevadi Taluku, Vijayapura, Karnataka, 586122, India"}},{"type":"Feature","geometry":{"type":"Point","coordinates":[75.927640000163,16.3641799997462]},"properties":{"name":"Nidagundi PS","code":"PS - 532","dept":"164471923","kgis":"29557054525994920000HMPOLPUOFFPOS0001","id":"747","address":"Nidagundi, Nidagundi Taluku, Vijayapura, Karnataka, India"}},{"type":"Feature","geometry":{"type":"Point","coordinates":[76.1287700003332,16.3490999999067]},"properties":{"name":"Muddebihal PS","code":"PS - 533","dept":"164470433","kgis":"29557054535995790000HMPOLPUOFFPOS0001","id":"748","address":"SH41, Muddebihala, Muddebihala taluku, Vijayapura, Karnataka, 586212, India"}},{"type":"Feature","geometry":{"type":"Point","coordinates":[76.3105600000852,16.4798100002562]},"properties":{"name":"Talikot PS","code":"PS - 534","dept":"164470434","kgis":"29557054535997040000HMPOLPUOFFPOS0001","id":"749","address":"Talikoti, Talakoti Taluku, Vijayapura, Karnataka, 586214, India"}},{"type":"Feature","geometry":{"type":"Point","coordinates":[75.5803200004047,16.6658299997346]},"properties":{"name":"Babaleshwar PS","code":"PS - 535","dept":"164470416","kgis":"29557054495991180000HMPOLPUOFFPOS0001","id":"750","address":"SH34, Babaleshwara, Babaleshwara taluk, Vijayapura, Karnataka, 586113, India"}},{"type":"Feature","geometry":{"type":"Point","coordinates":[75.7386899996538,16.8264999999675]},"properties":{"name":"Bijapur Rural PS","code":"PS - 536","dept":"164470415","kgis":"29557054498030510000HMPOLPUOFFPOS0001","id":"751","address":"Yogapur, Vijayapura, Bijapur Taluk, Vijayapura, Karnataka, 586101, India"}},{"type":"Feature","geometry":{"type":"Point","coordinates":[75.5179299999643,16.8444980002682]},"properties":{"name":"Tikota PS","code":"PS - 537","dept":"164470417","kgis":"29557054495990560000HMPOLPUOFFPOS0001","id":"752","address":"Tikota, Tikota taluka, Vijayapura, Karnataka, 586180, India"}},{"type":"Feature","geometry":{"type":"Point","coordinates":[75.7150299995963,16.8288199998895]},"properties":{"name":"Gandhi Chowk PS","code":"PS - 538","dept":"164470411","kgis":"29557054498030510000HMPOLPUOFFPOS0002","id":"753","address":"Mahatma Gandhi Road, Vijayapura, Bijapur Taluk, Vijayapura, Karnataka, 586101, India"}},{"type":"Feature","geometry":{"type":"Point","coordinates":[75.7107099999683,16.8502199998858]},"properties":{"name":"Adarsh Nagar PS","code":"PS - 539","dept":"164471497","kgis":"29557054498030510000HMPOLPUOFFPOS0003","id":"754","address":"Vijayapura, Bijapur Taluk, Vijayapura, Karnataka, 586101, India"}},{"type":"Feature","geometry":{"type":"Point","coordinates":[75.7216500001421,16.8355999996793]},"properties":{"name":"Vijayapura APMC PS","code":"PS - 540","dept":"164471496","kgis":"29557054498030510000HMPOLPUOFFPOS0004","id":"755","address":"Vijayapura, Bijapur Taluk, Vijayapura, Karnataka, 586101, India"}},{"type":"Feature","geometry":{"type":"Point","coordinates":[75.7387199997101,16.8263799996802]},"properties":{"name":"Golgumbaz PS","code":"PS - 541","dept":"164471495","kgis":"29557054498030510000HMPOLPUOFFPOS0005","id":"756","address":"Yogapur, Vijayapura, Bijapur Taluk, Vijayapura, Karnataka, 586101, India"}},{"type":"Feature","geometry":{"type":"Point","coordinates":[75.7265999997033,16.8068000003312]},"properties":{"name":"Jalanagar PS","code":"PS - 542","dept":"164472008","kgis":"29557054498030510000HMPOLPUOFFPOS0006","id":"757","address":"Ibrahimpura, Vijayapura, Bijapur Taluk, Vijayapura, Karnataka, 586101, India"}},{"type":"Feature","geometry":{"type":"Point","coordinates":[75.6683199996572,17.3112060003243]},"properties":{"name":"Chadachan PS","code":"PS - 543","dept":"164470424","kgis":"29557054505991710000HMPOLPUOFFPOS0001","id":"758","address":"SH41, Baradola, Chadachana taluku, Vijayapura, Karnataka, 586204, India"}},{"type":"Feature","geometry":{"type":"Point","coordinates":[75.8012740004346,17.2514870003377]},"properties":{"name":"Zalaki PS","code":"PS - 544","dept":"164470425","kgis":"29557054505992050000HMPOLPUOFFPOS0001","id":"759","address":"Jhalaki, Indi taluku, Vijayapura, Karnataka, India"}},{"type":"Feature","geometry":{"type":"Point","coordinates":[75.7849000003357,17.1179000003296]},"properties":{"name":"Hortti PS","code":"PS - 545","dept":"164470421","kgis":"29557054505992250000HMPOLPUOFFPOS0001","id":"760","address":"Horti, Indi taluku, Vijayapura, Karnataka, 586117, India"}},{"type":"Feature","geometry":{"type":"Point","coordinates":[75.9542200001002,17.1769099999228]},"properties":{"name":"Indi PS","code":"PS - 546","dept":"164470420","kgis":"29557054508030520000HMPOLPUOFFPOS0001","id":"761","address":"Indi, Indi taluku, Vijayapura, Karnataka, 586200, India"}},{"type":"Feature","geometry":{"type":"Point","coordinates":[76.2187820003435,17.0900830003164]},"properties":{"name":"Almel PS","code":"PS - 547","dept":"164471511","kgis":"29557054515993040000HMPOLPUOFFPOS0001","id":"762","address":"Korahalli, Alamela taluku, Vijayapura, Karnataka, India"}},{"type":"Feature","geometry":{"type":"Point","coordinates":[76.0631700000159,16.817805000211]},"properties":{"name":"Devara Hipparagi PS","code":"PS - 548","dept":"164471512","kgis":"29557054515994010000HMPOLPUOFFPOS0001","id":"763","address":"Sindagi Road, Hadagali, Devara Hipparagi taluku, Vijayapura, Karnataka, India"}},{"type":"Feature","geometry":{"type":"Point","coordinates":[76.3080699995779,16.671079999701]},"properties":{"name":"Kalkeri PS","code":"PS - 549","dept":"164471513","kgis":"29557054515994330000HMPOLPUOFFPOS0001","id":"764","address":"Kalakeri, Talakoti Taluku, Vijayapura, Karnataka, India"}},{"type":"Feature","geometry":{"type":"Point","coordinates":[76.2316169996446,16.9218240000456]},"properties":{"name":"Sindagi PS","code":"PS - 550","dept":"164471510","kgis":"29557054515993460000HMPOLPUOFFPOS0001","id":"765","address":"Sindagi, Sindagi taluku, Vijayapura, Karnataka, 586128, India"}},{"type":"Feature","geometry":{"type":"Point","coordinates":[76.9627490003615,11.9350219996238]},"properties":{"name":"Chamarajanagar East PS","code":"PS - 552","dept":"164671121","kgis":"29578055776196740000HMPOLPUOFFPOS0001","id":"766","address":"Ramasamudra, Chamarajanagara taluk, Chamarajanagar, Karnataka, 571313, India"}},{"type":"Feature","geometry":{"type":"Point","coordinates":[76.9298200003305,11.9260970003251]},"properties":{"name":"Chamarajanagar Rural PS","code":"PS - 553","dept":"164671120","kgis":"29578055778032010000HMPOLPUOFFPOS0002","id":"767","address":"Chamarajanagara, Chamarajanagara taluk, Chamarajanagar, Karnataka, 571313, India"}},{"type":"Feature","geometry":{"type":"Point","coordinates":[76.9629229997826,11.9362010002533]},"properties":{"name":"Chamarajanagar Women PS","code":"PS - 554","dept":"164672173","kgis":"29578055776196740000HMPOLPUOFFPOS0002","id":"768","address":"Ramasamudra, Chamarajanagara taluk, Chamarajanagar, Karnataka, 571313, India"}},{"type":"Feature","geometry":{"type":"Point","coordinates":[76.9392100000856,12.0457089996651]},"properties":{"name":"Kuderu PS","code":"PS - 555","dept":"164671125","kgis":"29578055776196130000HMPOLPUOFFPOS0001","id":"769","address":"Kuderu, Chamarajanagara taluk, Chamarajanagar, Karnataka, 571316, India"}},{"type":"Feature","geometry":{"type":"Point","coordinates":[76.9779480002166,12.0434799997649]},"properties":{"name":"Santemaralli PS","code":"PS - 556","dept":"164671134","kgis":"29578055776196160000HMPOLPUOFFPOS0001","id":"770","address":"SH57, Ummatturu, Chamarajanagara taluk, Chamarajanagar, Karnataka, 571316, India"}},{"type":"Feature","geometry":{"type":"Point","coordinates":[76.9366230000653,11.9271530000275]},"properties":{"name":"Chamarajanagar Town PS","code":"PS - 557","dept":"164671119","kgis":"29578055778032010000HMPOLPUOFFPOS0003","id":"771","address":"Car Street, Chamarajanagara, Chamarajanagara taluk, Chamarajanagar, Karnataka, 571313, India"}},{"type":"Feature","geometry":{"type":"Point","coordinates":[76.671146000347,11.9345929999969]},"properties":{"name":"Begur PS","code":"PS - 558","dept":"164672009","kgis":"29578055766194540000HMPOLPUOFFPOS0001","id":"772","address":"Kozhikode - Mysuru Highway, Beguru, Gundlupet taluk, Chamarajanagar, Karnataka, 571109, India"}},{"type":"Feature","geometry":{"type":"Point","coordinates":[76.6847459996543,11.8110330003526]},"properties":{"name":"Gundlupete PS","code":"PS - 559","dept":"164671123","kgis":"29578055768032000000HMPOLPUOFFPOS0001","id":"773","address":"Gundlupet, Gundlupet taluk, Chamarajanagar, Karnataka, 571111, India"}},{"type":"Feature","geometry":{"type":"Point","coordinates":[76.7926329998518,11.8181490003167]},"properties":{"name":"Terakanambi PS","code":"PS - 560","dept":"164671124","kgis":"29578055766195320000HMPOLPUOFFPOS0001","id":"774","address":"SH81, Yadapura, Devalapura, Gundlupet taluk, Chamarajanagar, Karnataka, India"}},{"type":"Feature","geometry":{"type":"Point","coordinates":[77.3007600002552,12.0883450002992]},"properties":{"name":"Hanur PS","code":"PS - 561","dept":"164671137","kgis":"29578055798032040000HMPOLPUOFFPOS0001","id":"775","address":"Uddanuru, Hanur taluk, Chamarajanagar, Karnataka, 571439, India"}},{"type":"Feature","geometry":{"type":"Point","coordinates":[77.1125919999562,12.1579919998403]},"properties":{"name":"Kollegala Rural PS","code":"PS - 562","dept":"164671129","kgis":"29578055798032030000HMPOLPUOFFPOS0001","id":"776","address":"SH38, Madhuvanahalli, Kollegala taluk, Chamarajanagar, Karnataka, 571801, India"}},{"type":"Feature","geometry":{"type":"Point","coordinates":[77.1094150001112,12.1574049997747]},"properties":{"name":"Kollegala Town PS","code":"PS - 563","dept":"164671128","kgis":"29578055798032030000HMPOLPUOFFPOS0002","id":"777","address":"SH79, Kollegal, Kollegala taluk, Chamarajanagar, Karnataka, 571440, India"}},{"type":"Feature","geometry":{"type":"Point","coordinates":[77.5914000000772,12.030713999633]},"properties":{"name":"M.M. Hills PS","code":"PS - 564","dept":"164671138","kgis":"29578055796198870000HMPOLPUOFFPOS0001","id":"778","address":"Male Mahadeswara Betta, Hanur taluk, Chamarajanagar, Karnataka, 571490, India"}},{"type":"Feature","geometry":{"type":"Point","coordinates":[77.3978629998976,12.0037180003747]},"properties":{"name":"Ramapura PS","code":"PS - 565","dept":"164671130","kgis":"29578055796198970000HMPOLPUOFFPOS0001","id":"779","address":"Ramapura, Hanur taluk, Chamarajanagar, Karnataka, India"}},{"type":"Feature","geometry":{"type":"Point","coordinates":[77.0740040000731,12.1184679998276]},"properties":{"name":"Mambali PS","code":"PS - 566","dept":"164671133","kgis":"29578055786197890000HMPOLPUOFFPOS0001","id":"780","address":"Old NH948, Agara, Yalanduru taluk, Chamarajanagar, Karnataka, 571485, India"}},{"type":"Feature","geometry":{"type":"Point","coordinates":[77.0314530002178,12.0531669997504]},"properties":{"name":"Yelandur PS","code":"PS - 567","dept":"164671132","kgis":"29578055786198020000HMPOLPUOFFPOS0001","id":"781","address":"Old NH948, Yelanduru, Yalanduru taluk, Chamarajanagar, Karnataka, 571441, India"}},{"type":"Feature","geometry":{"type":"Point","coordinates":[76.2569929998741,13.3126749996872]},"properties":{"name":"Arasikere Rural PS","code":"PS - 568","dept":"164550738","kgis":"29574055558031730000HMPOLPUOFFPOS0001","id":"782","address":"Saraswati Puram, Arasikere, Arasikere taluku, Hassan, Karnataka, 573103, India"}},{"type":"Feature","geometry":{"type":"Point","coordinates":[76.1628809997244,13.4047820003321]},"properties":{"name":"Banavara PS","code":"PS - 569","dept":"164550739","kgis":"29574055556158400000HMPOLPUOFFPOS0001","id":"783","address":"Banavara, Arasikere taluku, Hassan, Karnataka, 573112, India"}},{"type":"Feature","geometry":{"type":"Point","coordinates":[76.3046730001944,13.1557859996249]},"properties":{"name":"Gandasi PS","code":"PS - 570","dept":"164550740","kgis":"29574055556157990000HMPOLPUOFFPOS0001","id":"784","address":"SH7, Hullenahalli, Arasikere taluku, Hassan, Karnataka, India"}},{"type":"Feature","geometry":{"type":"Point","coordinates":[76.0567989997259,13.3020599997157]},"properties":{"name":"Javagal PS","code":"PS - 571","dept":"164551930","kgis":"29574055556154520000HMPOLPUOFFPOS0001","id":"785","address":"Shankaranahalli, Machenahalli, Arasikere taluku, Hassan, Karnataka, India"}},{"type":"Feature","geometry":{"type":"Point","coordinates":[76.2568810000522,13.3122830000798]},"properties":{"name":"Arasikere Town PS","code":"PS - 572","dept":"164551819","kgis":"29574055558031730000HMPOLPUOFFPOS0002","id":"786","address":"SH7, Saraswati Puram, Arasikere, Arasikere taluku, Hassan, Karnataka, 573103, India"}},{"type":"Feature","geometry":{"type":"Point","coordinates":[75.8754489997066,13.1741919998648]},"properties":{"name":"Belur PS","code":"PS - 573","dept":"164550752","kgis":"29574055546152250000HMPOLPUOFFPOS0001","id":"787","address":"Belur, Beluru taluk, Hassan, Karnataka, 573115, India"}},{"type":"Feature","geometry":{"type":"Point","coordinates":[75.9937850001458,13.2173030000005]},"properties":{"name":"Halebeedu PS","code":"PS - 574","dept":"164550754","kgis":"29574055546152730000HMPOLPUOFFPOS0001","id":"788","address":"Javagal Halebidu Road, Mayagondanahalli Gadi, Halebidu, Beluru taluk, Hassan, Karnataka, 573121, India"}},{"type":"Feature","geometry":{"type":"Point","coordinates":[76.1005729998768,13.0030179998449]},"properties":{"name":"Hassan City PS","code":"PS - 575","dept":"164551741","kgis":"29574055568031740000HMPOLPUOFFPOS0001","id":"789","address":"NH373, Shareef Colony, Ameer Mohalla, Hassan, Hasana taluk, Hassan, Karnataka, 573201, India"}},{"type":"Feature","geometry":{"type":"Point","coordinates":[76.1135919995414,13.0069439995986]},"properties":{"name":"Hassan Extention PS","code":"PS - 576","dept":"164551743","kgis":"29574055568031740000HMPOLPUOFFPOS0002","id":"790","address":"Advalli, Kuvempunagara, Hassan, Hasana taluk, Hassan, Karnataka, 573201, India"}},{"type":"Feature","geometry":{"type":"Point","coordinates":[76.1076099996677,13.002819999748]},"properties":{"name":"Hassan Women PS","code":"PS - 577","dept":"164552127","kgis":"29574055568031740000HMPOLPUOFFPOS0003","id":"791","address":"Sampige Road, Ravindra Nagar, K R Puram, Hassan, Hasana taluk, Hassan, Karnataka, 573201, India"}},{"type":"Feature","geometry":{"type":"Point","coordinates":[76.0954520004157,13.0089080003961]},"properties":{"name":"Pension Mohalla PS","code":"PS - 578","dept":"164551744","kgis":"29574055568031740000HMPOLPUOFFPOS0004","id":"792","address":"Hosaline Road, Saraswathipuram, Pension Mohalla, Hassan, Hasana taluk, Hassan, Karnataka, 573201, India"}},{"type":"Feature","geometry":{"type":"Point","coordinates":[76.2048329998239,13.0862719996496]},"properties":{"name":"Dudda PS","code":"PS - 579","dept":"164550726","kgis":"29574055566159510000HMPOLPUOFFPOS0001","id":"793","address":"Dudda, Hasana taluk, Hassan, Karnataka, 573118, India"}},{"type":"Feature","geometry":{"type":"Point","coordinates":[76.0616409997433,12.8184319997021]},"properties":{"name":"Goruru PS","code":"PS - 580","dept":"164550725","kgis":"29574055566161080000HMPOLPUOFFPOS0001","id":"794","address":"SH21, Gorur, Hasana taluk, Hassan, Karnataka, 573120, India"}},{"type":"Feature","geometry":{"type":"Point","coordinates":[76.1062630001699,13.0109769997524]},"properties":{"name":"Hassan Rural PS","code":"PS - 581","dept":"164551748","kgis":"29574055568031740000HMPOLPUOFFPOS0005","id":"795","address":"11th Cross Road, Ravindra Nagar, K R Puram, Hassan, Hasana taluk, Hassan, Karnataka, 573201, India"}},{"type":"Feature","geometry":{"type":"Point","coordinates":[76.2177209997494,12.9851579997913]},"properties":{"name":"Shanthigrama PS","code":"PS - 582","dept":"164551824","kgis":"29574055566161940000HMPOLPUOFFPOS0001","id":"796","address":"SH102, Shantigrama, Hasana taluk, Hassan, Karnataka, India"}},{"type":"Feature","geometry":{"type":"Point","coordinates":[76.0569999998787,12.7658860002264]},"properties":{"name":"Arakalagud PS","code":"PS - 583","dept":"164550749","kgis":"29574055586165730000HMPOLPUOFFPOS0001","id":"797","address":"Arkalgud, Arakalagudu taluk, Hassan, Karnataka, 573102, India"}},{"type":"Feature","geometry":{"type":"Point","coordinates":[76.0545599996873,12.6290279996277]},"properties":{"name":"Konanur PS","code":"PS - 584","dept":"164550748","kgis":"29574055586167230000HMPOLPUOFFPOS0001","id":"798","address":"Konanuru, Arakalagudu taluk, Hassan, Karnataka, 573130, India"}},{"type":"Feature","geometry":{"type":"Point","coordinates":[76.3900000001754,12.9000000004353]},"properties":{"name":"Channarayapatna Rural PS","code":"PS - 585","dept":"164551621","kgis":"29574055608031780000HMPOLPUOFFPOS0001","id":"799","address":"Channarayapattana, Channarayapattana taluk, Hassan, Karnataka, 573116, India"}},{"type":"Feature","geometry":{"type":"Point","coordinates":[76.389544999876,12.9033170000014]},"properties":{"name":"Channarayapatna Town PS","code":"PS - 586","dept":"164551620","kgis":"29574055608031780000HMPOLPUOFFPOS0002","id":"800","address":"Channarayapattana, Channarayapattana taluk, Hassan, Karnataka, 573116, India"}},{"type":"Feature","geometry":{"type":"Point","coordinates":[76.5511509995422,12.9439070001803]},"properties":{"name":"Hirisave PS","code":"PS - 587","dept":"164551624","kgis":"29574055606173300000HMPOLPUOFFPOS0001","id":"801","address":"Bangalore Mangalore Highway, Bandiyala, Hirisave, Channarayapattana taluk, Hassan, Karnataka, 573124, India"}},{"type":"Feature","geometry":{"type":"Point","coordinates":[76.4765299996529,13.0086170002442]},"properties":{"name":"Nuggehalli PS","code":"PS - 588","dept":"164551622","kgis":"29574055606172690000HMPOLPUOFFPOS0001","id":"802","address":"SH147, Nuggehalli, Channarayapattana taluk, Hassan, Karnataka, India"}},{"type":"Feature","geometry":{"type":"Point","coordinates":[76.4838759998275,12.8597839999403]},"properties":{"name":"Shravanabelagola PS","code":"PS - 589","dept":"164551623","kgis":"29574055606174220000HMPOLPUOFFPOS0001","id":"803","address":"SH8, Shravanabelagola, Channarayapattana taluk, Hassan, Karnataka, 573135, India"}},{"type":"Feature","geometry":{"type":"Point","coordinates":[76.2580410001234,12.6584609997983]},"properties":{"name":"Hallymysore PS","code":"PS - 590","dept":"164552187","kgis":"29574055596169940000HMPOLPUOFFPOS0001","id":"804","address":"SH108, Maluganahalli, Hole Narasipura taluk, Hassan, Karnataka, 575211, India"}},{"type":"Feature","geometry":{"type":"Point","coordinates":[76.2474069995406,12.780772999597]},"properties":{"name":"Holenarasipura Rural PS","code":"PS - 591","dept":"164550744","kgis":"29574055598031770000HMPOLPUOFFPOS0001","id":"805","address":"NH373, Holenarasipura, Hole Narasipura taluk, Hassan, Karnataka, 573211, India"}},{"type":"Feature","geometry":{"type":"Point","coordinates":[76.2464179997268,12.7832569995883]},"properties":{"name":"Holenarasipura Town PS","code":"PS - 592","dept":"164550745","kgis":"29574055598031770000HMPOLPUOFFPOS0002","id":"806","address":"NH373, Holenarasipura, Hole Narasipura taluk, Hassan, Karnataka, 573211, India"}},{"type":"Feature","geometry":{"type":"Point","coordinates":[75.9899900002442,12.9773529999543]},"properties":{"name":"Alur PS","code":"PS - 593","dept":"164550727","kgis":"29574055576163970000HMPOLPUOFFPOS0001","id":"807","address":"Aluru, Aluru taluk, Hassan, Karnataka, 573213, India"}},{"type":"Feature","geometry":{"type":"Point","coordinates":[75.7871130002743,12.9462899999688]},"properties":{"name":"Sakaleshpura Rural PS","code":"PS - 594","dept":"164550757","kgis":"29574055538031710000HMPOLPUOFFPOS0001","id":"808","address":"Agrahara, Sakaleshpura, Sakaleshapura taluk, Hassan, Karnataka, 573134, India"}},{"type":"Feature","geometry":{"type":"Point","coordinates":[75.7879910000822,12.945902000403]},"properties":{"name":"Sakaleshpura Town PS","code":"PS - 595","dept":"164550756","kgis":"29574055538031710000HMPOLPUOFFPOS0002","id":"809","address":"Agrahara, Sakaleshpura, Sakaleshapura taluk, Hassan, Karnataka, 573134, India"}},{"type":"Feature","geometry":{"type":"Point","coordinates":[75.8586640002783,12.7810399998105]},"properties":{"name":"Yeslur PS","code":"PS - 596","dept":"164550758","kgis":"29574055536150660000HMPOLPUOFFPOS0001","id":"810","address":"SH112, Heggadahalli, Kerodi, Sakaleshapura taluk, Hassan, Karnataka, 571231, India"}},{"type":"Feature","geometry":{"type":"Point","coordinates":[75.7404800003983,12.4209299997027]},"properties":{"name":"Kodagu Women PS","code":"PS - 597","dept":"164512185","kgis":"29576055668031870000HMPOLPUOFFPOS0001","id":"811","address":"Main Road, Madikeri, Madikeri taluku, Kodagu, Karnataka, 571201, India"}},{"type":"Feature","geometry":{"type":"Point","coordinates":[75.5349388616035,12.3870889082204]},"properties":{"name":"Bhagamandala PS","code":"PS - 598","dept":"164510574","kgis":"29576055666177970000HMPOLPUOFFPOS0001","id":"812","address":"Bagamandala -Panathur-Kanhangad Road, Bhagamandala, Madikeri taluku, Kodagu, Karnataka, 571247, India"}},{"type":"Feature","geometry":{"type":"Point","coordinates":[75.7255048998641,12.4296567000529]},"properties":{"name":"Madikeri Rural PS","code":"PS - 599","dept":"164510575","kgis":"29576055668031870000HMPOLPUOFFPOS0002","id":"813","address":"Galibidu Road, Madikeri, Madikeri taluku, Kodagu, Karnataka, 571201, India"}},{"type":"Feature","geometry":{"type":"Point","coordinates":[75.6893609995645,12.3102080002056]},"properties":{"name":"Napoklu PS","code":"PS - 600","dept":"164510573","kgis":"29576055666178500000HMPOLPUOFFPOS0001","id":"814","address":"Toward Napoklu Town, Napoklu, Madikeri taluku, Kodagu, Karnataka, 571214, India"}},{"type":"Feature","geometry":{"type":"Point","coordinates":[75.7404800003983,12.4209299997027]},"properties":{"name":"Madikeri Town PS","code":"PS - 601","dept":"164510569","kgis":"29576055668031870000HMPOLPUOFFPOS0003","id":"815","address":"Main Road, Madikeri, Madikeri taluku, Kodagu, Karnataka, 571201, India"}},{"type":"Feature","geometry":{"type":"Point","coordinates":[75.8756274411448,12.2981012015236]},"properties":{"name":"Siddapura PS","code":"PS - 602","dept":"164510570","kgis":"29576055686180240000HMPOLPUOFFPOS0001","id":"816","address":"Siddapura, Virajpet taluk, Kodagu, Karnataka, 571253, India"}},{"type":"Feature","geometry":{"type":"Point","coordinates":[75.9565649999831,12.4845269998253]},"properties":{"name":"Kushalanagar Rural PS","code":"PS - 603","dept":"164512138","kgis":"29576055676179810000HMPOLPUOFFPOS0001","id":"817","address":"SH91, Kudige, Kushalanagar taluku, Kodagu, Karnataka, 571234, India"}},{"type":"Feature","geometry":{"type":"Point","coordinates":[75.9622959999472,12.4602770000849]},"properties":{"name":"Kushalnagar Town PS","code":"PS - 604","dept":"164510587","kgis":"29576055678031890000HMPOLPUOFFPOS0001","id":"818","address":"Baichanahalli, Kushalanagar, Kushalanagar taluku, Kodagu, Karnataka, 571234, India"}},{"type":"Feature","geometry":{"type":"Point","coordinates":[75.8288999998116,12.4524999999285]},"properties":{"name":"Sunticoppa PS","code":"PS - 605","dept":"164510588","kgis":"29576055676179570000HMPOLPUOFFPOS0001","id":"819","address":"Suntikoppa, Kushalanagar taluku, Kodagu, Karnataka, 571237, India"}},{"type":"Feature","geometry":{"type":"Point","coordinates":[76.8983166671656,12.208266667416]},"properties":{"name":"T. Narasipura PS","code":"PS - 667","dept":"164590905","kgis":"29577055758031990000HMPOLPUOFFPOS0001","id":"820","address":"SH84, Bannahalli, Tirumakudalu Narasipura taluk, Mysuru District, Karnataka, India"}},{"type":"Feature","geometry":{"type":"Point","coordinates":[77.0295277776976,12.1897277777648]},"properties":{"name":"Talakadu PS","code":"PS - 668","dept":"164590907","kgis":"29577055756194370000HMPOLPUOFFPOS0001","id":"821","address":"Talakadu, Tirumakudalu Narasipura taluk, Mysuru District, Karnataka, 571122, India"}},{"type":"Feature","geometry":{"type":"Point","coordinates":[76.6646749996175,12.3126777783268]},"properties":{"name":"Mysuru Women PS","code":"PS - 669","dept":"164592210","kgis":"29577055728031940000HMPOLPUOFFPOS0018","id":"822","address":"Nazarbad, Mysuru, Mysuru taluk, Mysuru District, Karnataka, 570001, India"}},{"type":"Feature","geometry":{"type":"Point","coordinates":[75.6518199996951,13.2432469998633]},"properties":{"name":"Aldur PS","code":"PS - 670","dept":"164480455","kgis":"29570055306098550000HMPOLPUOFFPOS0001","id":"823","address":"SH27, Alduru, Chikkamagaluru taluku, Chikkamagaluru, Karnataka, India"}},{"type":"Feature","geometry":{"type":"Point","coordinates":[75.7974440002195,13.3260769997201]},"properties":{"name":"Chickmagalur Rural PS","code":"PS - 671","dept":"164480454","kgis":"29570055308031490000HMPOLPUOFFPOS0002","id":"824","address":"Jyothi Nagar, Chikkamagaluru, Chikkamagaluru taluku, Chikkamagaluru, Karnataka, 577101, India"}},{"type":"Feature","geometry":{"type":"Point","coordinates":[75.6590242917493,13.3664724950951]},"properties":{"name":"Mallanduru PS","code":"PS - 672","dept":"164481891","kgis":"29570055306097010000HMPOLPUOFFPOS0001","id":"825","address":"Mallanduru, Chikkamagaluru taluku, Chikkamagaluru, Karnataka, 577111, India"}},{"type":"Feature","geometry":{"type":"Point","coordinates":[75.7735859998332,13.3281699998605]},"properties":{"name":"Basavanahalli PS","code":"PS - 673","dept":"164480451","kgis":"29570055308031490000HMPOLPUOFFPOS0003","id":"826","address":"Basavannahalli, Chikkamagaluru, Chikkamagaluru taluku, Chikkamagaluru, Karnataka, 577101, India"}},{"type":"Feature","geometry":{"type":"Point","coordinates":[75.7754240002408,13.3205419999874]},"properties":{"name":"Chickmagalur Town PS","code":"PS - 674","dept":"164480450","kgis":"29570055308031490000HMPOLPUOFFPOS0004","id":"827","address":"Basavannahalli, Chikkamagaluru, Chikkamagaluru taluku, Chikkamagaluru, Karnataka, 577101, India"}},{"type":"Feature","geometry":{"type":"Point","coordinates":[75.5031459998877,13.1533940000468]},"properties":{"name":"Balur PS","code":"PS - 675","dept":"164480456","kgis":"29570055316099260000HMPOLPUOFFPOS0001","id":"828","address":"SH66, Balur Handpost, Mudigere taluk, Chikkamagaluru, Karnataka, 577171, India"}},{"type":"Feature","geometry":{"type":"Point","coordinates":[75.5544860001022,13.1374259998632]},"properties":{"name":"Banakal PS","code":"PS - 676","dept":"164480460","kgis":"29570055316099340000HMPOLPUOFFPOS0001","id":"829","address":"NH73, Banakal, Mudigere taluk, Chikkamagaluru, Karnataka, 577113, India"}},{"type":"Feature","geometry":{"type":"Point","coordinates":[75.7080730000623,13.0999209996949]},"properties":{"name":"Gonibeedu PS","code":"PS - 677","dept":"164480461","kgis":"29570055316100070000HMPOLPUOFFPOS0001","id":"830","address":"NH73, Gonibidu, Mudigere taluk, Chikkamagaluru, Karnataka, India"}},{"type":"Feature","geometry":{"type":"Point","coordinates":[75.6417939997681,13.133920000105]},"properties":{"name":"Mudigere PS","code":"PS - 678","dept":"164480459","kgis":"29570055316099760000HMPOLPUOFFPOS0001","id":"831","address":"SH27, Kollibailu, Mudigere, Mudigere taluk, Chikkamagaluru, Karnataka, 577132, India"}},{"type":"Feature","geometry":{"type":"Point","coordinates":[75.2992001700748,13.5195112306431]},"properties":{"name":"Hariharapura PS","code":"PS - 679","dept":"164480465","kgis":"29570055266089820000HMPOLPUOFFPOS0001","id":"832","address":"NH169, Hariharapura, Koppa taluk, Chikkamagaluru, Karnataka, 577120, India"}},{"type":"Feature","geometry":{"type":"Point","coordinates":[75.3737359999141,13.4033030000002]},"properties":{"name":"Jayapura PS","code":"PS - 680","dept":"164481890","kgis":"29570055266090240000HMPOLPUOFFPOS0001","id":"833","address":"Jayapura, Koppa taluk, Chikkamagaluru, Karnataka, 577123, India"}},{"type":"Feature","geometry":{"type":"Point","coordinates":[75.3637680001523,13.5511210001179]},"properties":{"name":"Koppa PS","code":"PS - 681","dept":"164480464","kgis":"29570055266089930000HMPOLPUOFFPOS0001","id":"834","address":"Kelagere, Koppa, Koppa taluk, Chikkamagaluru, Karnataka, 577126, India"}},{"type":"Feature","geometry":{"type":"Point","coordinates":[75.3589819998389,13.2414499995656]},"properties":{"name":"Kalasa PS","code":"PS - 682","dept":"164481525","kgis":"29570055316098980000HMPOLPUOFFPOS0001","id":"835","address":"Rudrapada, Kalasa, Kalasa taluk, Chikkamagaluru, Karnataka, 577124, India"}},{"type":"Feature","geometry":{"type":"Point","coordinates":[75.2524469997459,13.2139549999748]},"properties":{"name":"Kuduremukh PS","code":"PS - 683","dept":"164481528","kgis":"29570055318031510000HMPOLPUOFFPOS0001","id":"836","address":"Kudremukha, Kalasa taluk, Chikkamagaluru, Karnataka, India"}},{"type":"Feature","geometry":{"type":"Point","coordinates":[75.4657970001967,13.3511840001246]},"properties":{"name":"Balehonnur PS","code":"PS - 684","dept":"164480463","kgis":"29570055276090970000HMPOLPUOFFPOS0001","id":"837","address":"Balehonnuru, Narasimharajapura taluk, Chikkamagaluru, Karnataka, 577112, India"}},{"type":"Feature","geometry":{"type":"Point","coordinates":[75.5041660003897,13.6148710002436]},"properties":{"name":"N.R. Pura PS","code":"PS - 685","dept":"164480470","kgis":"29570055276090610000HMPOLPUOFFPOS0001","id":"838","address":"ಬಸ್ತಿಮಠ, Menasuru, Narasimharajapura taluk, Chikkamagaluru, Karnataka, 577134, India"}},{"type":"Feature","geometry":{"type":"Point","coordinates":[75.2530619998582,13.4188599996039]},"properties":{"name":"Sringeri PS","code":"PS - 686","dept":"164480232","kgis":"29570055256089500000HMPOLPUOFFPOS0001","id":"839","address":"Rajanagara, Sringeri, Sringeri taluku, Chikkamagaluru, Karnataka, 577592, India"}},{"type":"Feature","geometry":{"type":"Point","coordinates":[75.9724069998958,13.5990249995542]},"properties":{"name":"Birur PS","code":"PS - 687","dept":"164480477","kgis":"29570055298031470000HMPOLPUOFFPOS0001","id":"840","address":"NH69, Biruru, Kaduru taluk, Chikkamagaluru, Karnataka, 577116, India"}},{"type":"Feature","geometry":{"type":"Point","coordinates":[74.9978657782474,15.4643876456711]},"properties":{"name":"Hubballi-Dharwad Women PS","code":"PS - 884","dept":"169710075","kgis":"29562054738030830000HMPOLPUOFFPOS0006","id":"841","address":"Saidapur, Sadhanakeri, Dharwad, Dharawada taluku, Dharwad, Karnataka, 580001, India"}},{"type":"Feature","geometry":{"type":"Point","coordinates":[75.4680383741898,12.7422581894222]},"properties":{"name":"Kadaba PS","code":"PS - 885","dept":"164631065","kgis":"29575055646177270000HMPOLPUOFFPOS0001","id":"842","address":"SH113, Kadaba, Kadaba taluk, Dakshina Kannada, Karnataka, 574221, India"}},{"type":"Feature","geometry":{"type":"Point","coordinates":[75.2001889323347,12.7621093917564]},"properties":{"name":"Puttur Town PS","code":"PS - 886","dept":"164631060","kgis":"29575055648031850000HMPOLPUOFFPOS0001","id":"843","address":"ಬನ್ನೂರು, Puttur, Putturu taluk, Dakshina Kannada, Karnataka, 574200, India"}},{"type":"Feature","geometry":{"type":"Point","coordinates":[75.6127789975958,12.6676029537295]},"properties":{"name":"Subramanya PS","code":"PS - 887","dept":"164631669","kgis":"29575055656177870000HMPOLPUOFFPOS0001","id":"844","address":"SH37, Subramanya, Kadaba taluk, Dakshina Kannada, Karnataka, 574238, India"}},{"type":"Feature","geometry":{"type":"Point","coordinates":[75.1980541157694,12.7645569812923]},"properties":{"name":"DK Women PS","code":"PS - 888","dept":"164632209","kgis":"29575055648031850000HMPOLPUOFFPOS0002","id":"845","address":"ಬನ್ನೂರು, Puttur, Putturu taluk, Dakshina Kannada, Karnataka, 574200, India"}},{"type":"Feature","geometry":{"type":"Point","coordinates":[77.5379453294057,13.3084134580554]},"properties":{"name":"Doddaballapura Rural PS","code":"PS - 889","dept":"164420263","kgis":"29583056026252470000HMPOLPUOFFPOS0002","id":"846","address":"Dr.B.R Ambedkar road, Doddaballapura, Doddaballapura taluk, Bengaluru North, Karnataka, 561203, India"}},{"type":"Feature","geometry":{"type":"Point","coordinates":[76.8362764857443,17.3264374109789]},"properties":{"name":"Kalaburagi City Women PS","code":"PS - 891","dept":"169852257","kgis":"29579055828032070000HMPOLPUOFFPOS0010","id":"847","address":"Rajapura, Kalaburagi, Kalaburagi taluku, Kalaburagi, Karnataka, 585101, India"}},{"type":"Feature","geometry":{"type":"Point","coordinates":[76.8369449553139,17.3273591040282]},"properties":{"name":"Kalaburagi City CENCrime PS","code":"PS - 892","dept":"169852256","kgis":"29579055828032070000HMPOLPUOFFPOS0011","id":"848","address":"Rajapura, Kalaburagi, Kalaburagi taluku, Kalaburagi, Karnataka, 585101, India"}},{"type":"Feature","geometry":{"type":"Point","coordinates":[77.7997076304884,13.2897686543849]},"properties":{"name":"Chennarayapatana PS","code":"","dept":"164421814","kgis":"","id":"849","address":"Vijayapura, Devanahalli taluku, Bengaluru North, Karnataka, 562135, India"}},{"type":"Feature","geometry":{"type":"Point","coordinates":[77.5473078440129,13.0027389161188]},"properties":{"name":"Mahalakshmipuram PS","code":"","dept":"164431359","kgis":"","id":"850","address":"2nd Main Road, Nagapura, Mahalakshmipuram, Nagapura, Bengaluru West City Corporation, Bengaluru, Bangalore North, Bengaluru Urban, Karnataka, 560086, India"}},{"type":"Feature","geometry":{"type":"Point","coordinates":[77.5699948247066,12.9536079559543]},"properties":{"name":"Shankarpura PS","code":"","dept":"164431369","kgis":"","id":"851","address":"Shankar Matt Road, Shankarapuram, Basavanagudi, Sunkenahalli, Bengaluru Central City Corporation, Bengaluru, Bangalore North, Bengaluru Urban, Karnataka, 560004, India"}},{"type":"Feature","geometry":{"type":"Point","coordinates":[77.6077477934414,12.9257789780078]},"properties":{"name":"Suddaguntepalya PS","code":"","dept":"164432197","kgis":"","id":"852","address":"4th Main Road, Balaji Layout, S.G Palya, Bengaluru South City Corporation, Bengaluru, Bangalore South, Bengaluru Urban, Karnataka, 560029, India"}},{"type":"Feature","geometry":{"type":"Point","coordinates":[74.5057104184437,15.8577905302319]},"properties":{"name":"Belagavi Women PS","code":"","dept":"164442243","kgis":"","id":"853","address":"Havelock Road, Camp, Belagavi, Belagavi taluku, Belagavi, Karnataka, 590001, India"}},{"type":"Feature","geometry":{"type":"Point","coordinates":[76.4613787637174,15.3349669694131]},"properties":{"name":"Hampi Tourism PS","code":"","dept":"169861883","kgis":"","id":"854","address":"Hampi Bazar, Hampi, Hosapete taluk, Vijayanagara, Karnataka, 583239, India"}},{"type":"Feature","geometry":{"type":"Point","coordinates":[75.9542191929938,17.1768954104201]},"properties":{"name":"Indi Rural PS","code":"","dept":"164472216","kgis":"","id":"855","address":"Indi, Indi taluku, Vijayapura, Karnataka, 586200, India"}},{"type":"Feature","geometry":{"type":"Point","coordinates":[75.8340963843144,16.4888547157901]},"properties":{"name":"Kudagi PS","code":"","dept":"164472250","kgis":"","id":"856","address":"Benala, Kolahara Taluku, Vijayapura, Karnataka, 586201, India"}},{"type":"Feature","geometry":{"type":"Point","coordinates":[75.7150293950894,16.8287857067055]},"properties":{"name":"Vijayapura Women PS","code":"","dept":"164472239","kgis":"","id":"857","address":"Mahatma Gandhi Road, Vijayapura, Bijapur Taluk, Vijayapura, Karnataka, 586101, India"}},{"type":"Feature","geometry":{"type":"Point","coordinates":[76.7757984979955,17.0159155376829]},"properties":{"name":"Jewargi PS","code":"","dept":"164541570","kgis":"","id":"858","address":"Jevaragi, Jevargi taluku, Kalaburagi, Karnataka, 585310, India"}},{"type":"Feature","geometry":{"type":"Point","coordinates":[77.0924482299356,17.2165353575444]},"properties":{"name":"Kalagi PS","code":"","dept":"164540718","kgis":"","id":"859","address":"SH10, Gundagurti, Chitapura taluku, Kalaburagi, Karnataka, India"}},{"type":"Feature","geometry":{"type":"Point","coordinates":[77.1091452154164,13.3386696505166]},"properties":{"name":"New Extention PS","code":"","dept":"164641085","kgis":"","id":"860","address":"Bengaluru Honnavara Road, Tumakuru, Tumkur taluk, Tumakuru, Karnataka, 572101, India"}},{"type":"Feature","geometry":{"type":"Point","coordinates":[75.6557204456551,16.1172398101555]},"properties":{"name":"Bagalkot Women PS","code":"","dept":"164702217","kgis":"","id":"861","address":"Badami taluku, Bagalkote, Karnataka, 587205, India"}},{"type":"Feature","geometry":{"type":"Point","coordinates":[75.1233098953845,16.4771160054384]},"properties":{"name":"Banahatti PS","code":"","dept":"164701259","kgis":"","id":"862","address":"Ramapura, Rabakavi Banahatti, Rabakavi Banahatti taluku, Bagalkote, Karnataka, 587314, India"}},{"type":"Feature","geometry":{"type":"Point","coordinates":[76.1117070594767,15.9656754371462]},"properties":{"name":"Ilakal Rural PS","code":"","dept":"164702189","kgis":"","id":"863","address":"Ilakal, Ilkal taluka, Bagalkote, Karnataka, 587125, India"}},{"type":"Feature","geometry":{"type":"Point","coordinates":[75.1392598818917,15.3506249609285]},"properties":{"name":"E and N Crime PS HD city","code":"","dept":"169712238","kgis":"","id":"864","address":"Sir Siddappa Kambli Road, J C Nagar, Kamaripet, Hubballi, Hubballi Urban Taluku, Dharwad, Karnataka, 580020, India"}},{"type":"Feature","geometry":{"type":"Point","coordinates":[78.2710272297441,12.9584988881744]},"properties":{"name":"Champion Reefs  PS","code":"","dept":"169720223","kgis":"","id":"865","address":"Robertsonpet, Kolar Gold Fields, Kolar Gold Field taluk, Kolar, Karnataka, 563115, India"}},{"type":"Feature","geometry":{"type":"Point","coordinates":[77.2854280659009,12.7296991615656]},"properties":{"name":"Ramanagar CEN Crime PS","code":"","dept":"169772153","kgis":"","id":"866","address":"Ramanagara, Ramanagara taluk, Bengaluru South, Karnataka, 571511, India"}},{"type":"Feature","geometry":{"type":"Point","coordinates":[74.8399301349626,12.854969078674]},"properties":{"name":"E and N Crime PS Mangaluru City","code":"","dept":"169802164","kgis":"","id":"867","address":"Mangala Devi Temple Road, Pandeshwara, Bunder, Mangaluru, Mangaluru taluk, Dakshina Kannada, Karnataka, 575001, India"}},{"type":"Feature","geometry":{"type":"Point","coordinates":[74.5296183982557,15.8735545169828]},"properties":{"name":"Belagavi City CEN Crime PS","code":"","dept":"169822240","kgis":"","id":"868","address":"Mahantesh Nagar, Belagavi, Belagavi taluku, Belagavi, Karnataka, 590001, India"}},{"type":"Feature","geometry":{"type":"Point","coordinates":[77.6167567858431,12.9693319402999]},"properties":{"name":"ISD PS","code":"","dept":"169842021","kgis":"","id":"869","address":"Richmond Road, Corporation Quarters, Victoria Layout, Ashokanagar, Bengaluru Central City Corporation, Bengaluru, Bangalore North, Bengaluru Urban, Karnataka, 560007, India"}},{"type":"Feature","geometry":{"type":"Point","coordinates":[75.9153792255745,14.4594077166055]},"properties":{"name":"Davanagere CEN Crime PS","code":"","dept":"164382136","kgis":"","id":"870","address":"8th Main Road, Vinobanagara, Davanagere, Davanagere Taluku, Davanagere, Karnataka, 577000, India"}},{"type":"Feature","geometry":{"type":"Point","coordinates":[75.3881606715202,14.7839074419488]},"properties":{"name":"Haveri CEN Crime PS","code":"","dept":"164392230","kgis":"","id":"871","address":"Haveri, Haveri taluku, Haveri, Karnataka, 581110, India"}},{"type":"Feature","geometry":{"type":"Point","coordinates":[75.632629365079,15.4292156934593]},"properties":{"name":"Gadag CEN Crime PS","code":"","dept":"164402229","kgis":"","id":"872","address":"Bus Stand Road, Krishnanagara, Gadag-Betageri, Gadag taluk, Gadag, Karnataka, 582101, India"}},{"type":"Feature","geometry":{"type":"Point","coordinates":[77.5916650107377,12.9898319905977]},"properties":{"name":"Bengaluru CEN Crime PS","code":"","dept":"164422222","kgis":"","id":"873","address":"Kaverappa Layout, Vasanth Nagar, Bengaluru Central City Corporation, Bengaluru, Bangalore North, Bengaluru Urban, Karnataka, 560052, India"}},{"type":"Feature","geometry":{"type":"Point","coordinates":[77.5871719906891,12.9667990246362]},"properties":{"name":"Central CEN Crime PS","code":"","dept":"164432146","kgis":"","id":"874","address":"Cubbonpet Main Road, Ganigarpet, Sampangirama Nagar, Bengaluru Central City Corporation, Bengaluru, Bangalore North, Bengaluru Urban, Karnataka, 560002, India"}},{"type":"Feature","geometry":{"type":"Point","coordinates":[77.603634427068,12.9878455956193]},"properties":{"name":"East CEN Crime PS","code":"","dept":"164432147","kgis":"","id":"875","address":"Hazrat Kambal Posh Road, Shivajinagar, Bengaluru Central City Corporation, Bengaluru, Bangalore North, Bengaluru Urban, Karnataka, 560051, India"}},{"type":"Feature","geometry":{"type":"Point","coordinates":[77.5584169553286,13.0180495928218]},"properties":{"name":"North CEN Crime PS","code":"","dept":"164432149","kgis":"","id":"876","address":"Tumkur Road, Malleswaram, Malleshwaram, Bengaluru West City Corporation, Bengaluru, Bangalore North, Bengaluru Urban, Karnataka, 560012, India"}},{"type":"Feature","geometry":{"type":"Point","coordinates":[77.5985408010627,13.0568918670573]},"properties":{"name":"NorthEast CEN Crime PS","code":"","dept":"164432260","kgis":"","id":"877","address":"Amruth Nagar Main Road, Amruthnagar, Byatarayanapura, Bengaluru North City Corporation, Bengaluru, Yelahanka taluku, Bengaluru Urban, Karnataka, 560092, India"}},{"type":"Feature","geometry":{"type":"Point","coordinates":[77.5792168169108,12.9364239699816]},"properties":{"name":"South CEN Crime PS","code":"","dept":"164432258","kgis":"","id":"878","address":"South End Road, Yediyuru, Bengaluru West City Corporation, Bengaluru, Bangalore North, Bengaluru Urban, Karnataka, 560004, India"}},{"type":"Feature","geometry":{"type":"Point","coordinates":[77.6214107811294,12.9411769638892]},"properties":{"name":"SouthEast CEN Crime PS","code":"","dept":"164432259","kgis":"","id":"879","address":"80 Feet Road, Koramangala 5th Block, Adugodi, A Adugodi, Bengaluru South City Corporation, Bengaluru, Bangalore South, Bengaluru Urban, Karnataka, 560095, India"}},{"type":"Feature","geometry":{"type":"Point","coordinates":[77.5425355880706,12.9854783207063]},"properties":{"name":"West CEN Crime PS","code":"","dept":"164432148","kgis":"","id":"880","address":"9th Cross Road, Agrahara Dasarahalli, Bengaluru West City Corporation, Bengaluru, Bangalore North, Bengaluru Urban, Karnataka, 560079, India"}},{"type":"Feature","geometry":{"type":"Point","coordinates":[77.7511256717663,12.9754099257775]},"properties":{"name":"Whitefield CEN Crime PS","code":"","dept":"164432261","kgis":"","id":"881","address":"White Field Police Station Road, Prestige White Meadows, Pattanduru Agrahara, S.M Krishna Ward, Bengaluru East City Corporation, Bengaluru, Bangalore East, Bengaluru Urban, Karnataka, 560066, India"}},{"type":"Feature","geometry":{"type":"Point","coordinates":[74.5296183982557,15.8735545169828]},"properties":{"name":"Belagavi CEN Crime PS","code":"","dept":"164442223","kgis":"","id":"882","address":"Mahantesh Nagar, Belagavi, Belagavi taluku, Belagavi, Karnataka, 590001, India"}},{"type":"Feature","geometry":{"type":"Point","coordinates":[76.9292423775722,15.1505743862449]},"properties":{"name":"Ballari CEN Crime PS","code":"","dept":"164452221","kgis":"","id":"883","address":"Jail Road, Satyanarayana Pete, Ballari, Bellary taluk, Ballari, Karnataka, 583101, India"}},{"type":"Feature","geometry":{"type":"Point","coordinates":[77.5333457264266,17.9090410248171]},"properties":{"name":"Bidar CEN Crime PS","code":"","dept":"164462224","kgis":"","id":"884","address":"Gole Khana, Old City, Bidar, Bidar taluku, Bidar, Karnataka, 585400, India"}},{"type":"Feature","geometry":{"type":"Point","coordinates":[75.7073684015082,16.8335777022513]},"properties":{"name":"Vijayapur CEN Crime PS","code":"","dept":"164472225","kgis":"","id":"885","address":"Vijayapura, Bijapur Taluk, Vijayapura, Karnataka, 586101, India"}},{"type":"Feature","geometry":{"type":"Point","coordinates":[75.7256203860507,12.4296954395428]},"properties":{"name":"Kodagu CEN Crime PS","code":"","dept":"164512232","kgis":"","id":"886","address":"Galibidu Road, Madikeri, Madikeri taluku, Kodagu, Karnataka, 571201, India"}},{"type":"Feature","geometry":{"type":"Point","coordinates":[74.9864200113471,15.4682768609115]},"properties":{"name":"Dharwad CEN Crime PS","code":"","dept":"164522228","kgis":"","id":"887","address":"Sadhanakeri, Dharwad, Dharawada taluku, Dharwad, Karnataka, 580001, India"}},{"type":"Feature","geometry":{"type":"Point","coordinates":[76.8379184451935,17.3278652715699]},"properties":{"name":"Kalaburagi CEN Crime PS","code":"","dept":"164542231","kgis":"","id":"888","address":"Rajapura, Kalaburagi, Kalaburagi taluku, Kalaburagi, Karnataka, 585101, India"}},{"type":"Feature","geometry":{"type":"Point","coordinates":[76.2569919371536,13.3126636879993]},"properties":{"name":"Hassan CEN Crime PS","code":"","dept":"164552219","kgis":"","id":"889","address":"Saraswati Puram, Arasikere, Arasikere taluku, Hassan, Karnataka, 573103, India"}},{"type":"Feature","geometry":{"type":"Point","coordinates":[78.1369173440493,13.1416587476339]},"properties":{"name":"Kolar CEN Crime PS","code":"","dept":"164572131","kgis":"","id":"890","address":"SH5, Gandhinagara, Kolar, Kolar taluk, Kolar, Karnataka, 563101, India"}},{"type":"Feature","geometry":{"type":"Point","coordinates":[76.8907204007774,12.5266833463339]},"properties":{"name":"Mandya CEN Crime PS","code":"","dept":"164582233","kgis":"","id":"891","address":"Bannur Main Road, MIMS doctors quarters, Mandya, Mandya taluk, Mandya, Karnataka, 571401, India"}},{"type":"Feature","geometry":{"type":"Point","coordinates":[76.6674675899338,12.3146485308351]},"properties":{"name":"Mysuru CEN Crime PS","code":"","dept":"164592234","kgis":"","id":"892","address":"Nazarbad, Mysuru, Mysuru taluk, Mysuru District, Karnataka, 570001, India"}},{"type":"Feature","geometry":{"type":"Point","coordinates":[77.3552540075505,16.2212924894834]},"properties":{"name":"Raichur CEN Crime PS","code":"","dept":"164612235","kgis":"","id":"893","address":"NH167, Jawaharnagar, Raichur, Rayachuru taluku, Raichur, Karnataka, 584100, India"}},{"type":"Feature","geometry":{"type":"Point","coordinates":[75.5645275226788,13.9323871647588]},"properties":{"name":"Shivamogga CEN Crime PS","code":"","dept":"164622175","kgis":"","id":"894","address":"Mission Compound, Shivamogga, Shivamogga taluk, Shimoga, Karnataka, 577200, India"}},{"type":"Feature","geometry":{"type":"Point","coordinates":[74.8386011362567,12.8604330742856]},"properties":{"name":"DK CEN Crime PS","code":"","dept":"164632227","kgis":"","id":"895","address":"Pandeshwara, Bunder, Mangaluru, Mangaluru taluk, Dakshina Kannada, Karnataka, 575001, India"}},{"type":"Feature","geometry":{"type":"Point","coordinates":[77.1031930205604,13.345218144915]},"properties":{"name":"Tumkur CEN Crime PS","code":"","dept":"164642140","kgis":"","id":"896","address":"Tumakuru, Tumkur taluk, Tumakuru, Karnataka, 572101, India"}},{"type":"Feature","geometry":{"type":"Point","coordinates":[76.962921339632,11.936190847096]},"properties":{"name":"Chamarajanagar CEN Crime PS","code":"","dept":"164672178","kgis":"","id":"897","address":"Ramasamudra, Chamarajanagara taluk, Chamarajanagar, Karnataka, 571313, India"}},{"type":"Feature","geometry":{"type":"Point","coordinates":[76.1509290260441,15.3524469576686]},"properties":{"name":"Koppal CEN Crime PS","code":"","dept":"164682145","kgis":"","id":"898","address":"Ballari - Hubballi Road, Bhagyanagara, Koppala, Koppala taluku, Koppal, Karnataka, 583231, India"}},{"type":"Feature","geometry":{"type":"Point","coordinates":[74.7483302132314,13.3326286740182]},"properties":{"name":"Udupi CEN Crime PS","code":"","dept":"164692156","kgis":"","id":"899","address":"Brahmagiri, Udupi, Udupi taluku, Udupi, Karnataka, 576101, India"}},{"type":"Feature","geometry":{"type":"Point","coordinates":[75.6649694372304,16.1585712753245]},"properties":{"name":"Bagalkot CEN Crime PS","code":"","dept":"164702220","kgis":"","id":"900","address":"Navanagara, Bagalkote, Bagalakote taluk, Bagalkote, Karnataka, 587103, India"}},{"type":"Feature","geometry":{"type":"Point","coordinates":[78.2721182286388,12.9560988908901]},"properties":{"name":"KGF CEN Crime PS","code":"","dept":"169722137","kgis":"","id":"901","address":"Robertsonpet, Kolar Gold Fields, Kolar Gold Field taluk, Kolar, Karnataka, 563115, India"}},{"type":"Feature","geometry":{"type":"Point","coordinates":[76.6578655976532,12.3200155271879]},"properties":{"name":"E and N Crime PS Mysuru City","code":"","dept":"169732215","kgis":"","id":"902","address":"Ashoka Road, Mandi Mohalla, Mysuru, Mysuru taluk, Mysuru District, Karnataka, 570001, India"}},{"type":"Feature","geometry":{"type":"Point","coordinates":[77.7842732268517,13.5890866022714]},"properties":{"name":"Peresandra PS","code":"","dept":"169762299","kgis":"","id":"903","address":"Dommaragudiselu, Peresandra, Chikkaballapura taluk, Chikkaballapura, Karnataka, 562104, India"}},{"type":"Feature","geometry":{"type":"Point","coordinates":[76.4056733624879,14.2346479633815]},"properties":{"name":"Chitradurga CEN Crime PS","code":"","dept":"164492226","kgis":"","id":"904","address":"Lakshmisagara, Chitradurga, Chitradurga taluku, Chitradurga, Karnataka, 577500, India"}},{"type":"Feature","geometry":{"type":"Point","coordinates":[75.7710397409279,13.3201287915827]},"properties":{"name":"Chickmagalur CEN Crime PS","code":"","dept":"164482211","kgis":"","id":"905","address":"Basavannahalli, Chikkamagaluru, Chikkamagaluru taluku, Chikkamagaluru, Karnataka, 577101, India"}},{"type":"Feature","geometry":{"type":"Point","coordinates":[74.8924245227155,12.9811816289356]},"properties":{"name":"Bajpe PS","code":"","dept":"169801051","kgis":"","id":"906","address":"SH101, Suralpadi, Sunkadakatte, Mangaluru taluk, Dakshina Kannada, Karnataka, 574509, India"}},{"type":"Feature","geometry":{"type":"Point","coordinates":[74.8319797451042,12.8868150880246]},"properties":{"name":"Barke PS","code":"","dept":"169801045","kgis":"","id":"907","address":"Mukhya Prana Temple Road, Gandhinagar, Ladyhill, Mangaluru, Mangaluru taluk, Dakshina Kannada, Karnataka, 575001, India"}},{"type":"Feature","geometry":{"type":"Point","coordinates":[78.1296873030093,12.9065014488086]},"properties":{"name":"Budikote PS","code":"","dept":"169722295","kgis":"","id":"908","address":"Budikote, Bangarapet taluk, Kolar, Karnataka, 563114, India"}},{"type":"Feature","geometry":{"type":"Point","coordinates":[78.3593565880979,12.9525186432882]},"properties":{"name":"Kyasamballi PS","code":"","dept":"169722296","kgis":"","id":"909","address":"Karadaguru, Kolar Gold Field taluk, Kolar, Karnataka, India"}},{"type":"Feature","geometry":{"type":"Point","coordinates":[76.6630697811009,12.3118222974901]},"properties":{"name":"CEN Crime PS Mysuru City","code":"","dept":"169732214","kgis":"","id":"910","address":"Nazarbad, Mysuru, Mysuru taluk, Mysuru District, Karnataka, 570001, India"}},{"type":"Feature","geometry":{"type":"Point","coordinates":[76.5292060094503,14.9259629905524]},"properties":{"name":"Choranuru PS","code":"","dept":"164452306","kgis":"","id":"911","address":"Kudligi-Bommaghatta, Hosa Vaddinakatte, Choranuru, Sanduru taluk, Ballari, Karnataka, 583128, India"}},{"type":"Feature","geometry":{"type":"Point","coordinates":[77.619463595785,13.0344587360155]},"properties":{"name":"Govindapura PS","code":"","dept":"164432268","kgis":"","id":"912","address":"Govindapura, Nagavara, Bengaluru North City Corporation, Bengaluru, Bangalore North, Bengaluru Urban, Karnataka, 560045, India"}},{"type":"Feature","geometry":{"type":"Point","coordinates":[77.5292191043584,12.972337140279]},"properties":{"name":"Govindaraja Nagar PS","code":"","dept":"164432303","kgis":"","id":"913","address":"2nd Main Saraswathi nagar, Saraswathi Nagara, Marenahalli West, Bengaluru West City Corporation, Bengaluru, Bangalore North, Bengaluru Urban, Karnataka, 560040, India"}},{"type":"Feature","geometry":{"type":"Point","coordinates":[77.5862511278321,12.9821582373495]},"properties":{"name":"Cyber Crime Police Station","code":"","dept":"164432200","kgis":"","id":"914","address":"Palace Road, Fair Field Layout, High Grounds, Sampangirama Nagar, Bengaluru Central City Corporation, Bengaluru, Bangalore North, Bengaluru Urban, Karnataka, 560001, India"}},{"type":"Feature","geometry":{"type":"Point","coordinates":[74.8358900129765,12.9010999770487]},"properties":{"name":"CEN Crime PS Mangaluru City","code":"","dept":"169802297","kgis":"","id":"915","address":"Kuloor Ferry Road, Urva, Mangaluru, Mangaluru taluk, Dakshina Kannada, Karnataka, 575001, India"}},{"type":"Feature","geometry":{"type":"Point","coordinates":[77.5378638070062,13.3077638921711]},"properties":{"name":"Bengaluru Dist Women PS","code":"","dept":"164422247","kgis":"","id":"916","address":"Doddaballapura, Doddaballapura taluk, Bengaluru North, Karnataka, 561203, India"}},{"type":"Feature","geometry":{"type":"Point","coordinates":[74.8335050095911,12.8641549805642]},"properties":{"name":"Cyber Crime PS Mangaluru City","code":"","dept":"169802163","kgis":"","id":"917","address":"Azizuddin Road, Alake, Bunder, Mangaluru, Mangaluru taluk, Dakshina Kannada, Karnataka, 575001, India"}},{"type":"Feature","geometry":{"type":"Point","coordinates":[77.4913220422091,12.9869611703651]},"properties":{"name":"Byadarahalli PS","code":"","dept":"164432123","kgis":"","id":"918","address":"Magadi Road, Byadarahalli, Bengaluru West City Corporation, Bengaluru, Bangalore North, Bengaluru Urban, Karnataka, 560091, India"}},{"type":"Feature","geometry":{"type":"Point","coordinates":[75.1392940195207,15.3506489938958]},"properties":{"name":"CEN Crime PS Hubballi Dharwad City","code":"","dept":"169712237","kgis":"","id":"919","address":"Sir Siddappa Kambli Road, J C Nagar, Kamaripet, Hubballi, Hubballi Urban Taluku, Dharwad, Karnataka, 580020, India"}},{"type":"Feature","geometry":{"type":"Point","coordinates":[77.6037380166751,12.9880379848679]},"properties":{"name":"East Zone Women PS","code":"","dept":"164431387","kgis":"","id":"920","address":"Cockburn Road, Benson Town, Shivajinagar, Bengaluru Central City Corporation, Bengaluru, Bangalore North, Bengaluru Urban, Karnataka, 560051, India"}},{"type":"Feature","geometry":{"type":"Point","coordinates":[75.2327578423306,14.0749302438979]},"properties":{"name":"Anandapura PS","code":"","dept":"164622338","kgis":"","id":"921","address":"Sagara Road, Yadehalli, Sagara taluk, Shimoga, Karnataka, India"}}]}